source,target,distance,label
0,5,6,1
0,18,12,1
0,32,20,0
0,40,12,1
0,68,20,0
0,77,20,0
0,87,20,0
0,98,20,0
0,160,2,1
0,164,20,0
0,167,12,1
0,174,20,0
0,196,20,0
1,5,10,1
1,6,12,0
1,15,12,0
1,16,20,0
1,32,20,0
1,54,12,0
1,68,20,0
1,77,20,0
1,96,12,0
1,97,20,0
1,98,20,0
1,108,20,0
1,111,20,0
1,115,20,0
1,118,20,0
1,134,20,0
1,144,12,0
1,164,20,0
1,166,20,0
1,174,12,0
1,187,12,0
1,189,12,0
1,170,12,1
2,5,10,1
2,9,20,0
2,11,20,0
2,17,5,0
2,27,20,0
2,32,20,0
2,40,20,1
2,50,12,0
2,57,20,0
2,68,20,0
2,69,20,0
2,77,20,0
2,80,20,0
2,87,20,0
2,91,20,0
2,98,10,0
2,103,20,0
2,105,20,0
2,144,20,0
2,157,5,0
2,158,20,0
2,164,20,0
2,167,20,1
2,168,20,0
2,170,6,1
2,174,10,0
2,181,20,0
2,184,20,0
2,187,20,0
2,192,20,0
2,193,20,0
2,195,20,0
2,196,10,0
2,163,12,1
3,10,20,0
3,162,20,0
3,164,20,0
3,182,20,0
3,193,10,0
3,195,20,0
3,181,12,0
3,6,12,0
3,98,12,0
3,158,12,0
3,198,10,0
4,5,10,0
4,6,12,1
4,8,20,1
4,14,20,1
4,15,12,1
4,23,20,0
4,28,20,0
4,32,20,0
4,37,20,1
4,54,12,1
4,68,20,0
4,77,20,0
4,96,12,1
4,98,20,0
4,126,20,0
4,144,12,1
4,164,10,0
4,165,20,1
4,168,20,1
4,171,20,1
4,174,7,1
4,182,20,1
4,187,12,1
4,189,12,1
4,196,20,0
5,0,6,1
5,1,10,1
5,2,10,1
5,4,10,0
5,6,7,0
5,7,20,0
5,8,10,0
5,9,10,0
5,11,10,0
5,12,20,0
5,13,20,0
5,14,20,0
5,15,5,0
5,16,6,0
5,17,10,0
5,18,6,1
5,19,10,0
5,20,10,0
5,21,10,0
5,22,3,0
5,24,10,0
5,26,10,1
5,27,10,0
5,28,20,0
5,29,6,0
5,30,10,0
5,31,20,0
5,32,6,0
5,33,10,1
5,34,5,0
5,35,10,0
5,36,6,0
5,37,10,0
5,38,20,0
5,39,20,0
5,40,10,1
5,41,7,0
5,42,20,0
5,43,20,0
5,44,20,0
5,45,20,0
5,46,4,0
5,47,20,0
5,48,10,0
5,49,20,1
5,50,7,0
5,51,20,0
5,52,20,0
5,54,5,0
5,55,10,0
5,56,20,0
5,57,20,0
5,59,10,0
5,60,20,0
5,61,20,0
5,62,10,0
5,63,10,0
5,64,12,0
5,66,20,0
5,68,3,0
5,70,6,1
5,72,5,1
5,73,10,0
5,74,6,0
5,75,20,0
5,76,10,1
5,77,6,0
5,78,6,0
5,79,20,0
5,80,20,0
5,83,10,0
5,84,6,1
5,85,20,0
5,86,20,0
5,87,10,0
5,89,20,0
5,90,5,0
5,91,3,0
5,93,20,0
5,94,10,0
5,95,10,0
5,96,5,0
5,97,10,0
5,98,5,0
5,99,20,0
5,100,20,0
5,101,5,0
5,102,20,0
5,103,7,0
5,104,20,0
5,105,20,0
5,106,10,1
5,107,20,0
5,108,10,0
5,110,20,0
5,112,20,0
5,113,10,0
5,114,20,0
5,116,10,0
5,117,10,0
5,118,6,0
5,119,3,0
5,120,20,0
5,121,5,0
5,122,20,0
5,123,20,0
5,125,20,0
5,126,20,0
5,127,6,0
5,128,20,0
5,129,7,0
5,130,20,0
5,131,20,0
5,132,20,0
5,135,10,1
5,136,6,0
5,138,6,1
5,139,20,0
5,140,6,0
5,141,7,0
5,142,10,0
5,144,4,0
5,145,10,0
5,146,20,0
5,147,20,0
5,148,20,0
5,152,7,1
5,154,20,0
5,155,7,0
5,156,10,0
5,157,10,0
5,158,10,0
5,159,20,0
5,160,20,1
5,161,20,0
5,162,20,0
5,163,10,1
5,164,5,0
5,165,10,0
5,166,10,0
5,167,10,1
5,168,10,0
5,169,10,0
5,170,10,1
5,171,20,0
5,172,10,0
5,173,6,0
5,174,3,0
5,175,5,0
5,176,10,0
5,177,3,0
5,179,6,0
5,181,10,0
5,182,2,0
5,183,20,0
5,185,6,0
5,186,4,0
5,187,5,0
5,188,20,0
5,189,5,0
5,190,20,0
5,191,10,0
5,192,3,0
5,193,10,0
5,195,20,0
5,196,5,0
5,197,20,0
5,198,2,0
6,1,12,0
6,4,12,1
6,5,7,0
6,8,12,1
6,9,12,1
6,12,20,0
6,14,12,1
6,15,3,1
6,17,7,1
6,18,20,0
6,22,12,1
6,27,12,1
6,29,12,1
6,30,12,1
6,32,20,0
6,37,12,1
6,43,12,1
6,46,20,1
6,54,5,1
6,55,12,1
6,57,12,1
6,59,12,1
6,61,12,1
6,62,12,1
6,63,12,1
6,66,12,1
6,68,20,0
6,69,12,1
6,74,12,1
6,77,7,0
6,78,12,1
6,79,12,0
6,80,12,1
6,81,12,1
6,87,7,1
6,91,12,1
6,96,3,1
6,98,20,0
6,108,20,1
6,116,12,1
6,118,20,0
6,119,20,1
6,120,12,1
6,144,3,1
6,156,12,1
6,157,12,1
6,158,12,1
6,162,12,1
6,164,7,0
6,165,12,1
6,166,20,0
6,169,12,1
6,173,12,1
6,174,6,1
6,176,12,1
6,181,20,1
6,182,12,1
6,184,20,0
6,187,3,1
6,189,6,1
6,191,12,1
6,195,12,1
6,196,20,0
6,198,12,0
6,3,12,0
6,102,6,0
6,83,12,0
6,107,12,0
7,5,20,0
7,32,20,0
7,51,12,0
7,68,20,0
7,77,20,0
7,98,20,0
7,164,20,0
7,198,20,0
7,37,12,0
7,170,6,0
8,4,20,1
8,5,10,0
8,6,12,1
8,10,20,0
8,15,12,1
8,21,10,0
8,22,10,1
8,32,20,0
8,54,12,1
8,68,20,0
8,77,10,0
8,96,12,1
8,98,20,0
8,125,12,0
8,144,12,1
8,161,10,1
8,164,20,0
8,167,20,0
8,169,10,1
8,174,7,1
8,176,10,1
8,187,12,1
8,189,12,1
8,11,12,0
8,31,12,0
8,73,12,0
8,166,12,0
8,179,12,0
8,198,12,0
9,2,20,0
9,5,10,0
9,6,12,1
9,15,12,1
9,17,20,1
9,32,20,0
9,54,12,1
9,68,20,0
9,77,20,0
9,96,12,1
9,98,20,0
9,144,12,1
9,164,6,0
9,174,3,1
9,184,20,0
9,187,3,1
9,188,20,1
9,189,12,1
9,193,20,1
9,22,12,1
9,37,12,1
9,192,12,1
10,3,20,0
10,8,20,0
10,16,20,0
10,17,20,0
10,19,7,1
10,20,20,0
10,21,20,0
10,24,20,0
10,42,20,1
10,44,20,0
10,45,12,0
10,48,20,0
10,59,20,0
10,68,20,0
10,74,20,0
10,79,20,0
10,87,20,0
10,91,5,0
10,92,7,1
10,94,20,0
10,96,20,0
10,100,20,0
10,115,20,0
10,117,20,0
10,120,20,0
10,125,20,1
10,127,20,0
10,132,20,1
10,134,20,0
10,137,20,1
10,139,20,0
10,142,20,1
10,148,20,0
10,156,20,0
10,162,5,0
10,164,6,0
10,165,20,0
10,167,20,0
10,169,20,0
10,173,20,0
10,174,20,0
10,176,20,0
10,187,6,0
10,195,6,0
10,196,20,0
11,2,20,0
11,5,10,0
11,17,20,0
11,32,20,0
11,68,20,0
11,77,20,0
11,98,20,0
11,164,20,0
11,174,10,0
11,185,20,0
11,188,20,0
11,193,20,0
11,196,20,0
11,8,12,0
11,31,6,1
11,73,12,1
11,166,12,1
11,179,6,1
11,198,6,1
11,132,12,0
11,145,12,0
11,130,12,0
12,5,20,0
12,6,20,0
12,22,5,0
12,76,20,0
12,77,20,0
12,103,20,0
12,118,10,0
12,161,20,0
12,174,20,0
12,181,10,0
12,184,10,0
12,196,20,0
12,13,2,1
13,5,20,0
13,118,20,0
13,119,20,0
13,164,20,0
13,174,20,0
13,181,20,0
13,196,20,0
13,12,2,1
14,4,20,1
14,5,20,0
14,6,12,1
14,15,12,1
14,23,6,0
14,24,20,0
14,26,20,0
14,28,6,0
14,32,20,0
14,37,6,1
14,54,12,1
14,68,10,0
14,77,20,0
14,96,12,1
14,98,20,0
14,106,20,0
14,122,7,1
14,126,6,0
14,144,12,1
14,146,20,0
14,163,20,0
14,164,10,0
14,165,5,1
14,168,5,1
14,171,6,1
14,173,20,1
14,174,7,1
14,181,20,1
14,182,6,1
14,187,7,1
14,189,12,1
14,196,20,0
14,145,4,0
14,156,10,1
14,192,10,1
15,1,12,0
15,4,12,1
15,5,5,0
15,6,3,1
15,8,12,1
15,9,12,1
15,14,12,1
15,17,7,1
15,18,20,0
15,22,12,1
15,27,12,1
15,29,12,1
15,30,12,1
15,32,20,0
15,37,12,1
15,43,12,1
15,54,5,1
15,55,12,1
15,57,12,1
15,59,12,1
15,61,12,1
15,62,12,1
15,63,12,1
15,66,12,1
15,68,20,0
15,69,12,1
15,74,12,1
15,77,7,0
15,78,12,1
15,79,12,0
15,80,12,1
15,81,12,1
15,87,7,1
15,91,6,1
15,96,3,1
15,98,20,0
15,108,20,1
15,116,12,1
15,120,12,1
15,144,3,1
15,156,12,1
15,157,12,1
15,158,12,1
15,162,12,1
15,164,7,0
15,165,12,1
15,169,12,1
15,173,12,1
15,174,4,1
15,176,12,1
15,177,20,0
15,182,12,1
15,187,2,1
15,189,6,1
15,191,12,1
15,195,12,1
15,198,12,0
16,1,20,0
16,5,6,0
16,10,20,0
16,20,20,0
16,32,20,0
16,35,12,0
16,36,10,0
16,66,20,0
16,68,20,0
16,77,20,0
16,98,20,0
16,123,20,0
16,130,20,0
16,134,4,1
16,142,10,0
16,145,20,0
16,164,6,0
16,174,10,0
16,177,20,0
16,185,2,0
16,186,10,0
16,192,20,0
17,2,5,0
17,5,10,0
17,6,7,1
17,9,20,1
17,10,20,0
17,11,20,0
17,15,7,1
17,18,12,0
17,27,20,1
17,32,20,0
17,40,20,0
17,48,20,0
17,50,12,0
17,54,7,1
17,57,20,1
17,68,20,0
17,69,20,1
17,77,20,0
17,87,20,1
17,91,7,1
17,96,7,1
17,98,10,0
17,103,20,1
17,105,20,0
17,144,3,1
17,157,20,1
17,158,20,1
17,164,20,0
17,167,20,0
17,168,20,1
17,170,20,0
17,174,4,1
17,181,20,1
17,184,20,0
17,187,3,1
17,189,7,1
17,192,20,1
17,193,20,1
17,195,20,1
17,196,20,0
18,0,12,1
18,5,6,1
18,6,20,0
18,15,20,0
18,17,12,0
18,32,20,0
18,54,20,0
18,68,20,0
18,77,20,0
18,96,20,0
18,98,20,0
18,144,20,0
18,160,12,1
18,164,20,0
18,174,20,0
18,187,20,0
18,189,20,0
18,198,12,0
18,81,12,0
19,5,10,0
19,10,7,1
19,22,20,0
19,32,20,0
19,34,20,0
19,46,20,0
19,51,20,0
19,68,20,0
19,77,20,0
19,87,20,0
19,90,20,0
19,91,20,0
19,98,20,0
19,114,20,0
19,162,20,0
19,164,10,0
19,182,20,0
19,195,20,0
19,63,6,0
19,74,12,0
19,187,10,0
20,5,10,0
20,10,20,0
20,16,20,0
20,32,20,1
20,66,20,0
20,67,20,0
20,68,20,1
20,77,20,1
20,98,20,1
20,112,20,0
20,145,20,0
20,162,20,0
20,164,5,1
20,174,20,0
20,177,10,0
20,185,6,1
20,195,20,0
20,36,12,1
21,5,10,0
21,8,10,0
21,10,20,0
21,22,6,0
21,27,20,0
21,28,10,0
21,29,12,0
21,32,20,0
21,34,20,0
21,46,20,0
21,68,20,0
21,77,20,0
21,90,20,0
21,91,20,0
21,98,20,0
21,114,20,0
21,121,7,0
21,144,12,0
21,160,20,0
21,161,10,0
21,162,20,0
21,164,10,0
21,169,10,0
21,173,12,0
21,174,20,0
21,176,10,0
21,178,12,0
21,182,20,0
21,189,12,0
21,192,12,0
21,195,6,0
21,196,20,0
21,198,20,0
22,5,3,0
22,6,12,1
22,8,10,1
22,12,5,0
22,15,12,1
22,19,20,0
22,21,6,0
22,23,20,0
22,29,20,1
22,32,20,0
22,34,5,1
22,36,20,0
22,46,6,1
22,48,20,0
22,51,20,1
22,54,12,1
22,68,10,0
22,70,20,0
22,76,20,0
22,77,10,0
22,78,20,1
22,90,6,1
22,91,5,1
22,92,20,0
22,93,20,0
22,96,12,1
22,98,10,0
22,103,20,1
22,106,20,0
22,110,20,1
22,112,20,0
22,113,10,1
22,117,10,1
22,119,20,1
22,121,20,1
22,123,20,0
22,125,20,0
22,127,10,0
22,132,20,0
22,136,20,0
22,142,20,0
22,144,12,1
22,146,20,0
22,161,6,1
22,164,20,0
22,169,10,1
22,173,20,1
22,174,4,1
22,175,20,0
22,176,10,1
22,177,20,0
22,182,5,1
22,185,20,0
22,186,10,1
22,187,7,1
22,189,7,1
22,191,20,1
22,192,5,1
22,197,20,0
22,198,20,0
22,9,12,1
22,37,5,1
22,165,10,1
23,4,20,0
23,14,6,0
23,22,20,0
23,24,20,0
23,26,20,0
23,28,10,1
23,37,6,0
23,67,20,0
23,77,20,0
23,106,20,0
23,126,10,1
23,134,7,0
23,146,20,0
23,163,20,0
23,165,5,0
23,168,6,0
23,171,10,0
23,173,20,0
23,174,20,0
23,177,20,0
23,181,20,0
23,182,10,0
23,187,20,0
23,196,20,0
24,5,10,0
24,10,20,0
24,14,20,0
24,23,20,0
24,28,20,0
24,32,20,1
24,35,20,0
24,37,20,0
24,68,20,1
24,77,20,1
24,87,10,0
24,98,20,1
24,126,20,0
24,134,20,0
24,162,20,0
24,164,2,1
24,165,20,0
24,168,20,0
24,171,20,0
24,174,20,0
24,182,20,0
24,190,7,0
24,195,20,0
24,196,20,1
25,164,20,0
25,170,5,0
25,174,20,0
25,188,20,0
25,193,7,0
25,195,20,0
26,5,10,1
26,14,20,0
26,23,20,0
26,28,20,0
26,32,20,0
26,37,20,0
26,68,20,0
26,77,20,0
26,98,20,0
26,112,20,0
26,126,20,0
26,164,10,0
26,165,20,0
26,168,20,0
26,169,20,0
26,171,20,0
26,174,20,0
26,182,20,0
26,196,20,0
26,185,10,0
27,2,20,0
27,5,10,0
27,6,12,1
27,15,12,1
27,17,20,1
27,21,20,0
27,32,20,0
27,54,12,1
27,68,20,0
27,77,20,0
27,87,20,1
27,96,12,1
27,98,20,0
27,144,12,1
27,164,20,0
27,169,7,1
27,170,20,0
27,174,7,1
27,183,20,1
27,187,12,1
27,189,6,1
27,156,3,1
28,4,20,0
28,5,20,0
28,14,6,0
28,21,10,0
28,23,10,1
28,24,20,0
28,26,20,0
28,32,20,0
28,37,10,0
28,68,20,0
28,77,20,0
28,98,20,0
28,106,20,0
28,122,20,0
28,126,10,1
28,146,20,0
28,163,20,0
28,164,20,0
28,165,6,0
28,168,6,0
28,171,10,0
28,173,20,0
28,181,20,0
28,182,10,0
28,187,20,0
28,127,12,0
28,189,12,0
28,194,12,0
28,158,10,0
29,5,6,0
29,6,12,1
29,15,12,1
29,21,12,0
29,22,20,1
29,32,20,0
29,34,20,1
29,46,20,1
29,54,12,1
29,68,20,0
29,77,20,0
29,90,20,1
29,91,20,1
29,96,12,1
29,98,20,0
29,144,6,1
29,164,20,0
29,173,12,1
29,174,12,1
29,178,12,1
29,179,10,0
29,182,20,1
29,187,12,1
29,189,6,1
29,192,12,1
29,183,3,1
30,5,10,0
30,6,12,1
30,15,12,1
30,32,20,0
30,54,12,1
30,68,20,0
30,77,20,0
30,87,20,1
30,96,12,1
30,98,10,0
30,118,20,0
30,144,12,1
30,164,10,0
30,174,7,1
30,177,20,0
30,181,20,1
30,187,12,1
30,189,3,1
30,33,12,0
30,163,12,0
31,5,20,0
31,32,20,0
31,68,20,0
31,77,20,0
31,98,20,0
31,122,20,0
31,164,10,0
31,178,20,0
31,8,12,0
31,11,6,1
31,73,12,1
31,166,6,1
31,179,6,1
31,198,2,1
31,125,12,0
32,0,20,0
32,1,20,0
32,2,20,0
32,4,20,0
32,5,6,0
32,6,20,0
32,7,20,0
32,8,20,0
32,9,20,0
32,11,20,0
32,14,20,0
32,15,20,0
32,16,20,0
32,17,20,0
32,18,20,0
32,19,20,0
32,20,20,1
32,21,20,0
32,22,20,0
32,24,20,1
32,26,20,0
32,27,20,0
32,28,20,0
32,29,20,0
32,30,20,0
32,31,20,0
32,33,20,0
32,35,20,0
32,36,20,1
32,37,20,0
32,40,20,0
32,41,7,1
32,42,20,0
32,43,20,0
32,44,20,1
32,45,20,1
32,47,20,0
32,50,7,1
32,52,20,0
32,54,20,0
32,55,20,0
32,57,20,0
32,59,20,0
32,60,20,0
32,61,20,0
32,62,20,0
32,63,20,0
32,64,12,0
32,66,20,0
32,68,5,1
32,69,12,0
32,70,20,0
32,72,12,0
32,73,20,0
32,74,20,0
32,75,20,1
32,77,5,1
32,78,20,0
32,79,7,1
32,80,20,0
32,82,12,0
32,83,20,0
32,84,20,0
32,85,20,0
32,86,20,0
32,87,20,0
32,89,20,1
32,90,20,0
32,91,20,0
32,94,7,1
32,95,20,0
32,96,20,0
32,97,20,0
32,98,5,1
32,99,20,1
32,100,20,1
32,101,7,1
32,102,20,0
32,106,20,0
32,108,20,0
32,111,12,1
32,114,20,0
32,116,20,0
32,118,20,0
32,119,20,0
32,120,20,0
32,121,20,0
32,127,20,1
32,128,20,1
32,129,7,1
32,130,20,0
32,131,20,0
32,132,12,0
32,135,20,0
32,136,20,1
32,138,20,0
32,140,20,1
32,141,7,1
32,142,20,0
32,144,20,0
32,145,20,0
32,146,20,0
32,147,20,1
32,148,20,0
32,155,7,1
32,156,20,0
32,157,20,0
32,158,20,0
32,159,20,0
32,160,20,0
32,161,20,0
32,162,20,0
32,163,20,0
32,164,5,1
32,165,20,0
32,166,20,0
32,167,20,0
32,168,6,0
32,169,20,0
32,170,20,0
32,171,20,0
32,172,20,0
32,173,20,0
32,174,10,0
32,175,20,1
32,176,20,0
32,177,7,0
32,179,20,0
32,181,20,0
32,182,20,0
32,185,20,1
32,186,20,0
32,187,20,0
32,189,20,0
32,191,20,0
32,192,20,0
32,193,20,0
32,195,20,0
32,196,7,1
32,197,20,1
32,198,20,0
32,149,6,0
32,153,6,0
32,125,12,0
33,5,10,1
33,32,20,0
33,68,20,0
33,77,20,0
33,87,20,0
33,98,20,0
33,164,20,0
33,174,20,0
33,30,12,0
33,163,6,1
33,157,10,0
34,5,5,0
34,19,20,0
34,21,20,0
34,22,5,1
34,29,20,1
34,36,20,0
34,46,6,1
34,48,20,0
34,51,7,1
34,68,20,0
34,70,20,0
34,78,20,1
34,90,6,1
34,91,5,1
34,93,20,0
34,98,20,0
34,110,20,1
34,113,20,1
34,117,20,1
34,118,20,0
34,119,20,1
34,121,7,1
34,123,20,0
34,125,20,0
34,127,20,0
34,136,20,0
34,142,20,0
34,173,20,1
34,174,7,1
34,175,20,0
34,177,20,0
34,182,5,1
34,185,20,0
34,186,20,1
34,189,5,1
34,191,20,1
34,192,20,1
34,198,20,0
34,167,12,0
34,178,12,1
35,5,10,0
35,16,12,0
35,24,20,0
35,32,20,0
35,48,12,0
35,68,20,0
35,71,20,0
35,77,20,0
35,87,7,0
35,98,20,0
35,130,12,1
35,159,2,1
35,164,20,0
35,169,12,0
35,192,20,0
35,177,12,0
36,5,6,0
36,16,10,0
36,22,20,0
36,32,20,1
36,34,20,0
36,42,20,0
36,46,20,0
36,53,20,0
36,66,20,0
36,68,20,1
36,69,20,0
36,77,20,1
36,85,20,0
36,90,20,0
36,91,20,0
36,98,20,1
36,145,20,0
36,152,20,0
36,164,5,1
36,166,20,0
36,174,10,0
36,177,20,0
36,182,20,0
36,185,10,1
36,20,12,1
37,4,20,1
37,5,10,0
37,6,12,1
37,14,6,1
37,15,12,1
37,23,6,0
37,24,20,0
37,26,20,0
37,28,10,0
37,32,20,0
37,51,20,1
37,54,12,1
37,68,20,0
37,77,20,0
37,96,12,1
37,98,20,0
37,106,20,0
37,117,20,1
37,126,10,0
37,144,12,1
37,146,20,0
37,163,20,0
37,164,6,0
37,165,6,1
37,168,6,1
37,171,10,1
37,173,6,1
37,174,3,1
37,181,20,1
37,182,10,1
37,187,7,1
37,189,12,1
37,192,5,1
37,7,12,0
37,170,12,0
37,9,12,1
37,22,5,1
38,5,20,0
38,80,20,1
38,87,7,1
38,169,7,1
38,174,6,1
38,181,20,1
38,196,20,0
39,5,20,0
39,65,20,0
39,80,7,0
39,174,20,0
39,175,20,0
39,196,20,0
39,64,6,1
40,0,12,1
40,2,20,1
40,5,10,1
40,17,20,0
40,32,20,0
40,55,12,0
40,68,20,0
40,77,20,0
40,98,20,0
40,127,12,0
40,144,10,0
40,164,20,0
40,174,20,0
40,45,12,0
41,5,7,0
41,32,7,1
41,68,7,1
41,77,7,1
41,87,7,0
41,98,7,1
41,119,20,0
41,164,5,1
41,192,20,0
42,5,20,0
42,10,20,1
42,32,20,0
42,36,20,0
42,49,20,0
42,68,20,0
42,77,20,0
42,83,5,1
42,86,20,0
42,91,5,0
42,92,20,1
42,94,20,0
42,95,20,1
42,96,7,0
42,98,20,0
42,100,20,0
42,101,20,0
42,102,6,1
42,104,20,0
42,105,20,0
42,106,20,0
42,107,5,1
42,111,20,0
42,112,10,1
42,114,20,0
42,115,20,0
42,117,12,0
42,118,20,0
42,119,20,0
42,120,20,0
42,121,20,0
42,122,20,0
42,125,7,1
42,132,20,1
42,137,20,1
42,142,10,1
42,143,20,1
42,144,20,0
42,145,6,1
42,146,20,0
42,148,20,0
42,152,20,0
42,162,20,0
42,164,6,0
42,174,20,0
42,177,5,1
42,192,20,0
42,195,20,0
43,5,20,0
43,6,12,1
43,15,12,1
43,32,20,0
43,54,12,1
43,58,20,1
43,68,20,0
43,69,20,1
43,77,20,0
43,80,20,1
43,85,12,1
43,87,20,1
43,91,20,1
43,96,12,1
43,97,20,0
43,98,20,0
43,103,20,1
43,113,20,1
43,144,7,1
43,164,20,0
43,174,7,1
43,187,7,1
43,189,12,1
43,90,6,1
43,63,12,1
44,5,20,0
44,10,20,0
44,32,20,1
44,68,10,1
44,77,10,1
44,90,20,0
44,98,20,1
44,162,20,0
44,164,6,1
44,195,20,0
45,5,20,0
45,10,12,0
45,32,20,1
45,68,20,1
45,77,20,1
45,80,20,0
45,98,20,1
45,162,12,0
45,164,5,1
45,174,20,0
45,195,12,0
45,40,12,0
46,5,4,0
46,6,20,1
46,19,20,0
46,21,20,0
46,22,6,1
46,29,20,1
46,34,6,1
46,36,20,0
46,48,20,0
46,51,20,1
46,54,20,1
46,67,20,1
46,68,20,0
46,70,20,0
46,78,20,1
46,80,20,1
46,90,10,1
46,91,6,1
46,93,20,0
46,95,20,0
46,97,20,0
46,110,20,1
46,113,20,1
46,117,20,1
46,118,20,0
46,119,20,1
46,121,7,1
46,123,20,0
46,125,20,0
46,127,20,0
46,136,20,0
46,142,20,0
46,155,20,0
46,173,20,1
46,174,20,1
46,175,10,0
46,177,10,0
46,182,6,1
46,185,20,0
46,186,10,1
46,189,20,1
46,191,20,1
46,192,20,1
46,198,20,0
47,5,20,0
47,32,20,0
47,68,10,0
47,77,10,0
47,90,20,0
47,98,20,0
47,164,20,0
47,174,10,0
47,188,20,0
47,193,20,0
48,5,10,0
48,10,20,0
48,17,20,0
48,22,20,0
48,34,20,0
48,35,12,0
48,46,20,0
48,87,20,0
48,90,20,0
48,91,20,0
48,93,12,1
48,104,20,0
48,113,20,0
48,118,20,0
48,121,12,0
48,141,20,0
48,150,20,0
48,154,5,1
48,174,20,0
48,182,20,0
48,198,12,0
48,86,6,1
48,56,12,1
49,5,20,1
49,42,20,0
49,164,20,0
49,192,20,0
50,2,12,0
50,5,7,0
50,17,12,0
50,32,7,1
50,65,7,1
50,68,7,1
50,77,7,1
50,98,7,1
50,144,20,0
50,164,7,1
50,175,7,1
51,5,20,0
51,7,12,0
51,19,20,0
51,22,20,1
51,34,7,1
51,37,20,1
51,46,20,1
51,80,7,1
51,90,20,1
51,91,20,1
51,114,10,1
51,117,20,1
51,119,20,1
51,136,20,0
51,144,12,1
51,148,12,1
51,173,12,1
51,178,4,1
51,182,20,1
51,189,12,1
51,192,7,1
51,169,12,1
51,193,12,1
51,74,12,1
52,5,20,0
52,32,20,0
52,65,20,0
52,68,20,0
52,74,3,0
52,77,20,0
52,82,20,0
52,97,20,0
52,98,20,0
52,115,20,0
52,118,7,0
52,164,20,0
52,175,20,0
53,36,20,0
53,87,5,0
53,169,20,0
54,1,12,0
54,4,12,1
54,5,5,0
54,6,5,1
54,8,12,1
54,9,12,1
54,14,12,1
54,15,5,1
54,17,7,1
54,18,20,0
54,22,12,1
54,27,12,1
54,29,12,1
54,30,12,1
54,32,20,0
54,37,12,1
54,43,12,1
54,46,20,1
54,55,12,1
54,57,12,1
54,59,12,1
54,61,12,1
54,62,12,1
54,63,12,1
54,66,12,1
54,68,20,0
54,69,12,1
54,74,12,1
54,77,7,0
54,78,7,1
54,79,12,0
54,80,12,1
54,81,12,1
54,87,5,1
54,91,12,1
54,96,5,1
54,98,20,0
54,108,20,1
54,116,12,1
54,120,12,1
54,144,4,1
54,156,12,1
54,157,12,1
54,158,12,1
54,162,12,1
54,164,5,0
54,165,12,1
54,169,12,1
54,173,12,1
54,174,7,1
54,176,12,1
54,182,12,1
54,187,5,1
54,189,12,1
54,191,12,1
54,195,12,1
54,198,12,0
55,5,10,0
55,6,12,1
55,15,12,1
55,32,20,0
55,40,12,0
55,54,12,1
55,61,20,1
55,63,20,1
55,68,20,0
55,77,20,0
55,81,6,1
55,90,20,1
55,96,12,1
55,98,20,0
55,144,12,1
55,164,10,0
55,174,7,1
55,187,12,1
55,189,12,1
55,158,12,1
56,5,20,0
56,65,20,0
56,80,20,0
56,48,12,1
56,86,6,1
57,2,20,0
57,5,20,0
57,6,12,1
57,15,12,1
57,17,20,1
57,32,20,0
57,54,12,1
57,65,20,0
57,68,20,0
57,77,20,0
57,80,20,1
57,82,10,1
57,85,7,1
57,87,10,1
57,90,20,1
57,96,12,1
57,98,20,0
57,144,12,1
57,164,10,0
57,174,12,1
57,175,20,0
57,187,12,1
57,189,12,1
58,43,20,1
58,80,20,1
58,193,20,1
58,196,20,0
59,5,10,0
59,6,12,1
59,10,20,0
59,15,12,1
59,32,20,0
59,54,12,1
59,68,20,0
59,74,20,1
59,77,20,0
59,80,6,1
59,81,20,1
59,82,20,1
59,96,12,1
59,98,20,0
59,118,20,0
59,119,20,1
59,144,12,1
59,162,20,1
59,164,6,0
59,174,4,1
59,184,20,0
59,187,12,1
59,188,20,1
59,189,12,1
59,193,20,1
59,195,20,1
60,5,20,0
60,32,20,0
60,68,20,0
60,77,20,0
60,80,5,0
60,86,20,0
60,98,20,0
60,164,20,0
60,70,12,0
61,5,20,0
61,6,12,1
61,15,12,1
61,32,20,0
61,54,12,1
61,55,20,1
61,65,20,0
61,68,20,0
61,77,20,0
61,96,12,1
61,98,20,0
61,144,12,1
61,164,20,0
61,174,12,1
61,175,20,0
61,187,12,1
61,189,12,1
62,5,10,0
62,6,12,1
62,15,12,1
62,32,20,0
62,54,12,1
62,68,20,0
62,77,20,0
62,80,20,1
62,96,12,1
62,97,7,0
62,98,20,0
62,115,20,0
62,118,20,0
62,142,4,0
62,144,12,1
62,162,4,1
62,164,20,0
62,174,12,1
62,187,12,1
62,189,12,1
62,192,20,1
62,146,12,0
63,5,10,0
63,6,12,1
63,15,12,1
63,32,20,0
63,54,12,1
63,55,20,1
63,68,10,0
63,77,10,0
63,86,20,0
63,87,20,1
63,96,12,1
63,98,20,0
63,119,20,1
63,144,12,1
63,164,20,0
63,169,20,1
63,174,5,1
63,187,12,1
63,189,12,1
63,19,6,0
63,74,6,1
63,43,12,1
63,90,3,1
64,5,12,0
64,32,12,0
64,68,12,0
64,77,12,0
64,98,12,0
64,164,12,0
64,174,20,0
64,39,6,1
65,39,20,0
65,50,7,1
65,52,20,0
65,56,20,0
65,57,20,0
65,61,20,0
65,67,20,0
65,71,20,0
65,78,20,0
65,85,20,0
65,86,10,0
65,98,20,1
65,109,12,0
65,113,7,0
65,116,20,0
65,152,20,0
65,164,10,1
65,174,20,0
65,175,6,1
65,176,20,0
65,194,20,0
65,196,20,1
66,5,20,0
66,6,12,1
66,15,12,1
66,16,20,0
66,20,20,0
66,32,20,0
66,36,20,0
66,54,12,1
66,67,20,1
66,68,20,0
66,77,20,0
66,80,20,1
66,87,20,1
66,96,12,1
66,98,20,0
66,116,20,1
66,118,20,0
66,144,12,1
66,145,6,0
66,164,20,0
66,174,12,1
66,176,20,1
66,177,10,0
66,181,20,1
66,187,12,1
66,189,12,1
67,20,20,0
67,23,20,0
67,46,20,1
67,65,20,0
67,66,20,1
67,69,20,1
67,84,20,0
67,155,20,0
67,174,20,1
67,175,20,0
67,178,20,1
67,179,20,0
67,196,20,0
68,0,20,0
68,1,20,0
68,2,20,0
68,4,20,0
68,5,3,0
68,6,20,0
68,7,20,0
68,8,20,0
68,9,20,0
68,10,20,0
68,11,20,0
68,14,10,0
68,15,20,0
68,16,20,0
68,17,20,0
68,18,20,0
68,19,20,0
68,20,20,1
68,21,20,0
68,22,10,0
68,24,20,1
68,26,20,0
68,27,20,0
68,28,20,0
68,29,20,0
68,30,20,0
68,31,20,0
68,32,5,1
68,33,20,0
68,34,20,0
68,35,20,0
68,36,20,1
68,37,20,0
68,40,20,0
68,41,7,1
68,42,20,0
68,43,20,0
68,44,10,1
68,45,20,1
68,46,20,0
68,47,10,0
68,50,7,1
68,52,20,0
68,54,20,0
68,55,20,0
68,57,20,0
68,59,20,0
68,60,20,0
68,61,20,0
68,62,20,0
68,63,10,0
68,64,12,0
68,66,20,0
68,69,20,0
68,70,20,0
68,72,12,0
68,73,20,0
68,74,20,0
68,75,20,1
68,77,1,1
68,78,20,0
68,79,20,1
68,80,20,0
68,83,20,0
68,84,20,0
68,85,20,0
68,86,20,0
68,87,10,0
68,89,20,1
68,90,6,0
68,91,10,0
68,94,20,1
68,95,20,0
68,96,20,0
68,97,20,0
68,98,5,1
68,99,20,1
68,100,20,1
68,101,7,1
68,102,20,0
68,106,20,0
68,108,20,0
68,114,20,0
68,116,20,0
68,118,20,0
68,119,20,0
68,120,20,0
68,121,7,0
68,127,20,1
68,128,20,1
68,129,7,1
68,130,20,0
68,131,20,0
68,135,20,0
68,136,20,1
68,138,20,0
68,140,20,1
68,141,7,1
68,142,10,0
68,144,20,0
68,145,20,0
68,146,20,0
68,147,20,1
68,148,20,0
68,155,7,1
68,156,20,0
68,157,20,0
68,158,20,0
68,159,20,0
68,160,20,0
68,161,20,0
68,162,10,0
68,163,20,0
68,164,4,1
68,165,20,0
68,166,20,0
68,167,20,0
68,168,20,0
68,169,20,0
68,170,20,0
68,171,20,0
68,172,20,0
68,173,20,0
68,174,10,0
68,175,20,1
68,176,10,0
68,177,7,0
68,179,20,0
68,181,20,0
68,182,10,0
68,185,20,1
68,186,6,0
68,187,20,0
68,189,20,0
68,191,20,0
68,192,20,0
68,193,20,0
68,195,6,0
68,196,7,1
68,197,20,1
68,198,20,0
69,2,20,0
69,6,12,1
69,15,12,1
69,17,20,1
69,32,12,0
69,36,20,0
69,43,20,1
69,54,12,1
69,67,20,1
69,68,20,0
69,77,20,0
69,96,12,1
69,111,12,0
69,144,12,1
69,164,20,0
69,174,7,1
69,177,20,0
69,187,12,1
69,189,12,1
70,5,6,1
70,22,20,0
70,32,20,0
70,34,20,0
70,46,20,0
70,68,20,0
70,77,20,0
70,86,20,0
70,90,20,0
70,91,20,0
70,98,20,0
70,164,20,0
70,166,20,0
70,171,20,0
70,175,20,0
70,182,20,0
70,196,20,0
70,60,12,0
71,35,20,0
71,65,20,0
71,80,10,0
71,144,20,0
71,175,20,0
71,176,6,0
72,5,5,1
72,32,12,0
72,68,12,0
72,77,12,0
72,98,12,0
72,164,12,0
72,174,20,0
73,5,10,0
73,32,20,0
73,68,20,0
73,77,20,0
73,80,20,0
73,98,10,0
73,164,10,0
73,174,20,0
73,179,1,1
73,196,20,0
73,8,12,0
73,11,12,1
73,31,12,1
73,166,12,1
73,198,12,1
73,182,10,0
74,5,6,0
74,6,12,1
74,10,20,0
74,15,12,1
74,32,20,0
74,52,3,0
74,54,12,1
74,59,20,1
74,68,20,0
74,77,20,0
74,81,20,1
74,82,20,1
74,87,20,1
74,96,12,1
74,98,10,0
74,144,12,1
74,162,20,1
74,164,10,0
74,173,20,1
74,174,7,1
74,187,12,1
74,189,12,1
74,195,20,1
74,19,12,0
74,63,6,1
74,51,12,1
75,5,20,0
75,32,20,1
75,68,20,1
75,77,20,1
75,98,20,1
75,146,12,0
75,164,20,1
75,85,6,0
76,5,10,1
76,12,20,0
76,22,20,0
76,174,20,0
76,192,20,0
77,0,20,0
77,1,20,0
77,2,20,0
77,4,20,0
77,5,6,0
77,6,7,0
77,7,20,0
77,8,10,0
77,9,20,0
77,11,20,0
77,12,20,0
77,14,20,0
77,15,7,0
77,16,20,0
77,17,20,0
77,18,20,0
77,19,20,0
77,20,20,1
77,21,20,0
77,22,10,0
77,23,20,0
77,24,20,1
77,26,20,0
77,27,20,0
77,28,20,0
77,29,20,0
77,30,20,0
77,31,20,0
77,32,5,1
77,33,20,0
77,35,20,0
77,36,20,1
77,37,20,0
77,40,20,0
77,41,7,1
77,42,20,0
77,43,20,0
77,44,10,1
77,45,20,1
77,47,10,0
77,50,7,1
77,52,20,0
77,54,7,0
77,55,20,0
77,57,20,0
77,59,20,0
77,60,20,0
77,61,20,0
77,62,20,0
77,63,10,0
77,64,12,0
77,66,20,0
77,68,1,1
77,69,20,0
77,70,20,0
77,72,12,0
77,73,20,0
77,74,20,0
77,75,20,1
77,78,20,0
77,79,20,1
77,80,20,0
77,83,20,0
77,84,20,0
77,85,20,0
77,86,20,0
77,87,20,0
77,89,20,1
77,90,10,0
77,91,20,0
77,94,20,1
77,95,20,0
77,96,7,0
77,97,20,0
77,98,5,1
77,99,20,1
77,100,20,1
77,101,7,1
77,102,20,0
77,106,20,0
77,108,20,0
77,114,20,0
77,116,20,0
77,118,20,0
77,119,10,0
77,120,20,0
77,121,20,0
77,127,20,1
77,128,20,1
77,129,7,1
77,130,20,0
77,131,20,0
77,135,20,0
77,136,20,1
77,138,20,0
77,140,20,1
77,141,7,1
77,142,20,0
77,144,7,0
77,145,20,0
77,146,20,0
77,147,20,1
77,148,20,0
77,155,7,1
77,156,20,0
77,157,20,0
77,158,20,0
77,159,20,0
77,160,20,0
77,161,20,0
77,162,20,0
77,163,20,0
77,164,5,1
77,165,20,0
77,166,20,0
77,167,20,0
77,168,20,0
77,169,20,0
77,170,20,0
77,171,20,0
77,172,20,0
77,173,20,0
77,174,7,0
77,175,20,1
77,176,10,0
77,177,7,0
77,179,20,0
77,181,20,0
77,182,20,0
77,185,20,1
77,186,6,0
77,187,7,0
77,189,7,0
77,191,20,0
77,192,20,0
77,193,20,0
77,195,10,0
77,196,7,1
77,197,20,1
77,198,20,0
78,5,6,0
78,6,12,1
78,15,12,1
78,22,20,1
78,32,20,0
78,34,20,1
78,46,20,1
78,54,7,1
78,65,20,0
78,68,20,0
78,77,20,0
78,90,20,1
78,91,20,1
78,96,12,1
78,98,20,0
78,144,12,1
78,164,20,0
78,174,12,1
78,175,20,0
78,182,20,1
78,187,12,1
78,189,12,1
79,5,20,0
79,6,12,0
79,10,20,0
79,15,12,0
79,32,7,1
79,54,12,0
79,68,20,1
79,77,20,1
79,82,20,0
79,94,20,1
79,96,12,0
79,98,20,1
79,99,12,1
79,111,12,1
79,144,12,0
79,162,20,0
79,164,6,1
79,174,7,0
79,187,12,0
79,188,20,0
79,189,12,0
79,190,20,0
79,193,20,0
79,195,20,0
80,2,20,0
80,5,20,0
80,6,12,1
80,15,12,1
80,32,20,0
80,38,20,1
80,39,7,0
80,43,20,1
80,45,20,0
80,46,20,1
80,51,7,1
80,54,12,1
80,56,20,0
80,57,20,1
80,58,20,1
80,59,6,1
80,60,5,0
80,62,20,1
80,66,20,1
80,68,20,0
80,71,10,0
80,73,20,0
80,77,20,0
80,81,20,1
80,82,20,1
80,88,7,1
80,89,20,0
80,93,20,0
80,96,12,1
80,98,20,0
80,99,12,0
80,103,20,1
80,119,20,1
80,140,12,0
80,142,20,0
80,144,12,1
80,162,20,1
80,164,10,0
80,174,12,1
80,176,12,1
80,179,20,0
80,187,12,1
80,189,12,1
80,191,20,1
80,194,20,1
81,6,12,1
81,15,12,1
81,54,12,1
81,55,6,1
81,59,20,1
81,74,20,1
81,80,20,1
81,82,10,1
81,87,20,1
81,96,12,1
81,118,10,0
81,119,20,1
81,144,12,1
81,174,12,1
81,187,12,1
81,189,12,1
81,18,12,0
82,32,12,0
82,52,20,0
82,57,10,1
82,59,20,1
82,74,20,1
82,79,20,0
82,80,20,1
82,81,10,1
82,85,12,1
82,87,20,1
82,94,10,0
82,97,20,0
82,109,20,0
82,111,12,0
82,115,20,0
82,118,10,0
82,119,20,1
82,174,20,1
82,99,12,0
83,5,10,0
83,32,20,0
83,42,5,1
83,68,20,0
83,77,20,0
83,86,20,0
83,91,5,0
83,92,20,1
83,94,20,0
83,95,6,1
83,96,20,0
83,98,20,0
83,100,20,0
83,101,20,0
83,102,4,1
83,104,20,0
83,105,20,0
83,106,20,0
83,107,3,1
83,111,20,0
83,112,10,1
83,114,20,0
83,115,20,0
83,117,12,0
83,118,20,0
83,119,20,0
83,120,20,0
83,121,7,0
83,122,20,0
83,125,7,1
83,132,20,1
83,137,20,1
83,142,10,1
83,143,20,1
83,144,20,0
83,145,6,1
83,146,20,0
83,148,20,0
83,152,20,0
83,164,20,0
83,166,20,0
83,174,10,0
83,177,5,1
83,188,20,0
83,193,20,0
83,6,12,0
83,180,10,1
83,184,10,0
84,5,6,1
84,32,20,0
84,67,20,0
84,68,20,0
84,77,20,0
84,98,20,0
84,164,10,0
84,174,10,0
85,5,20,0
85,32,20,0
85,36,20,0
85,43,12,1
85,57,7,1
85,65,20,0
85,68,20,0
85,77,20,0
85,82,12,1
85,98,20,0
85,164,20,0
85,175,20,0
85,75,6,0
86,5,20,0
86,32,20,0
86,42,20,0
86,60,20,0
86,63,20,0
86,65,10,0
86,68,20,0
86,70,20,0
86,77,20,0
86,83,20,0
86,91,20,0
86,98,20,0
86,102,20,0
86,104,20,0
86,107,20,0
86,109,20,0
86,112,20,0
86,118,20,0
86,123,7,0
86,127,20,0
86,130,20,0
86,142,20,0
86,145,20,0
86,148,20,0
86,153,12,0
86,164,10,0
86,173,20,0
86,174,12,0
86,175,20,0
86,177,20,0
86,189,12,0
86,48,6,1
86,56,6,1
86,159,10,0
87,0,20,0
87,2,20,0
87,5,10,0
87,6,7,1
87,10,20,0
87,15,7,1
87,17,20,1
87,19,20,0
87,24,10,0
87,27,20,1
87,30,20,1
87,32,20,0
87,33,20,0
87,35,7,0
87,38,7,1
87,41,7,0
87,43,20,1
87,48,20,0
87,53,5,0
87,54,5,1
87,57,10,1
87,63,20,1
87,66,20,1
87,68,10,0
87,74,20,1
87,77,20,0
87,81,20,1
87,82,20,1
87,88,20,1
87,90,20,1
87,94,20,0
87,96,7,1
87,98,20,0
87,99,20,0
87,121,20,1
87,124,12,1
87,127,20,0
87,130,20,0
87,133,20,1
87,143,20,0
87,144,7,1
87,146,20,0
87,157,20,1
87,160,20,0
87,164,10,0
87,169,20,1
87,173,10,1
87,174,4,1
87,177,20,0
87,178,6,1
87,187,7,1
87,189,7,1
87,190,20,1
87,193,20,1
87,184,10,0
88,80,7,1
88,87,20,1
88,169,20,1
89,5,20,0
89,32,20,1
89,68,20,1
89,77,20,1
89,80,20,0
89,98,20,1
89,164,10,1
89,174,20,0
90,5,5,0
90,19,20,0
90,21,20,0
90,22,6,1
90,29,20,1
90,32,20,0
90,34,6,1
90,36,20,0
90,44,20,0
90,46,10,1
90,47,20,0
90,48,20,0
90,51,20,1
90,55,20,1
90,57,20,1
90,68,6,0
90,70,20,0
90,77,10,0
90,78,20,1
90,87,20,1
90,91,6,1
90,93,20,0
90,98,20,0
90,110,20,1
90,113,20,1
90,117,20,1
90,119,20,1
90,121,20,1
90,123,20,0
90,125,20,0
90,127,20,0
90,136,20,0
90,142,20,0
90,164,20,0
90,173,20,1
90,175,20,0
90,177,20,0
90,182,6,1
90,185,20,0
90,186,20,1
90,189,20,1
90,191,20,1
90,192,20,1
90,198,20,0
90,43,6,1
90,63,3,1
91,2,20,0
91,5,3,0
91,6,12,1
91,10,5,0
91,15,6,1
91,17,7,1
91,19,20,0
91,21,20,0
91,22,5,1
91,29,20,1
91,32,20,0
91,34,5,1
91,36,20,0
91,42,5,0
91,43,20,1
91,46,6,1
91,48,20,0
91,51,20,1
91,54,12,1
91,68,10,0
91,70,20,0
91,77,20,0
91,78,20,1
91,83,5,0
91,86,20,0
91,90,6,1
91,92,20,0
91,93,20,0
91,94,20,0
91,95,20,0
91,96,7,1
91,98,20,0
91,100,20,0
91,101,20,0
91,102,6,0
91,104,20,0
91,105,20,0
91,106,20,0
91,107,5,0
91,110,20,1
91,111,20,0
91,112,10,0
91,113,20,1
91,114,20,1
91,115,20,0
91,117,7,1
91,118,20,0
91,119,6,1
91,120,20,1
91,121,10,1
91,122,20,1
91,123,20,0
91,125,5,0
91,127,20,0
91,132,20,0
91,136,20,0
91,137,20,0
91,142,4,0
91,143,20,0
91,144,4,1
91,145,6,0
91,146,20,0
91,148,7,1
91,152,20,0
91,162,20,1
91,164,10,0
91,173,7,1
91,174,7,1
91,175,20,0
91,177,4,0
91,178,12,1
91,181,12,1
91,182,5,1
91,185,20,0
91,186,20,1
91,187,12,1
91,189,4,1
91,191,20,1
91,192,4,1
91,195,20,1
91,198,20,0
91,196,12,0
92,10,7,1
92,22,20,0
92,42,20,1
92,83,20,1
92,91,20,0
92,102,20,1
92,107,20,1
92,109,7,1
92,112,20,1
92,131,7,1
92,132,7,1
92,142,20,1
92,143,7,1
92,144,7,0
92,145,20,1
92,162,7,0
92,164,7,0
92,177,20,1
92,195,7,0
93,5,20,0
93,22,20,0
93,34,20,0
93,46,20,0
93,48,12,1
93,80,20,0
93,90,20,0
93,91,20,0
93,134,12,0
93,154,12,1
93,182,20,0
94,5,10,0
94,10,20,0
94,32,7,1
94,42,20,0
94,68,20,1
94,77,20,1
94,79,20,1
94,82,10,0
94,83,20,0
94,87,20,0
94,91,20,0
94,98,20,1
94,102,20,0
94,107,20,0
94,111,12,1
94,112,20,0
94,142,20,0
94,145,20,0
94,162,20,0
94,164,10,1
94,169,20,0
94,171,20,0
94,174,20,0
94,177,20,0
94,195,20,0
94,172,12,0
95,5,10,0
95,32,20,0
95,42,20,1
95,46,20,0
95,68,20,0
95,77,20,0
95,83,6,1
95,91,20,0
95,98,20,0
95,102,20,1
95,107,20,1
95,112,20,1
95,117,20,0
95,122,12,0
95,142,20,1
95,145,20,1
95,164,20,0
95,166,6,0
95,174,20,0
95,177,20,1
95,106,12,0
96,1,12,0
96,4,12,1
96,5,5,0
96,6,3,1
96,8,12,1
96,9,12,1
96,10,20,0
96,14,12,1
96,15,3,1
96,17,7,1
96,18,20,0
96,22,12,1
96,27,12,1
96,29,12,1
96,30,12,1
96,32,20,0
96,37,12,1
96,42,7,0
96,43,12,1
96,54,5,1
96,55,12,1
96,57,12,1
96,59,12,1
96,61,12,1
96,62,12,1
96,63,12,1
96,66,12,1
96,68,20,0
96,69,12,1
96,74,12,1
96,77,7,0
96,78,12,1
96,79,12,0
96,80,12,1
96,81,12,1
96,83,20,0
96,87,7,1
96,91,7,1
96,98,10,0
96,102,20,0
96,107,20,0
96,108,20,1
96,109,20,0
96,112,20,0
96,116,12,1
96,120,12,1
96,122,12,1
96,138,12,0
96,139,12,1
96,142,20,0
96,144,3,1
96,145,20,0
96,156,12,1
96,157,12,1
96,158,12,1
96,162,7,1
96,163,10,0
96,164,3,0
96,165,12,1
96,166,20,0
96,169,12,1
96,173,12,1
96,174,4,1
96,176,12,1
96,177,20,0
96,182,12,1
96,187,3,1
96,189,6,1
96,191,12,1
96,195,7,1
96,198,12,0
96,114,12,1
96,117,12,1
96,106,12,0
97,1,20,0
97,5,10,0
97,32,20,0
97,43,20,0
97,46,20,0
97,52,20,0
97,62,7,0
97,68,20,0
97,77,20,0
97,82,20,0
97,98,20,0
97,99,20,0
97,109,12,0
97,113,20,0
97,115,10,1
97,118,5,1
97,119,20,0
97,129,12,0
97,131,12,0
97,132,12,0
97,143,12,0
97,144,12,0
97,146,3,1
97,164,20,0
97,181,20,0
97,185,20,0
97,192,20,0
97,142,12,0
98,0,20,0
98,1,20,0
98,2,10,0
98,4,20,0
98,5,5,0
98,6,20,0
98,7,20,0
98,8,20,0
98,9,20,0
98,11,20,0
98,14,20,0
98,15,20,0
98,16,20,0
98,17,10,0
98,18,20,0
98,19,20,0
98,20,20,1
98,21,20,0
98,22,10,0
98,24,20,1
98,26,20,0
98,27,20,0
98,28,20,0
98,29,20,0
98,30,10,0
98,31,20,0
98,32,5,1
98,33,20,0
98,34,20,0
98,35,20,0
98,36,20,1
98,37,20,0
98,40,20,0
98,41,7,1
98,42,20,0
98,43,20,0
98,44,20,1
98,45,20,1
98,47,20,0
98,50,7,1
98,52,20,0
98,54,20,0
98,55,20,0
98,57,20,0
98,59,20,0
98,60,20,0
98,61,20,0
98,62,20,0
98,63,20,0
98,64,12,0
98,65,20,1
98,66,20,0
98,68,5,1
98,70,20,0
98,72,12,0
98,73,10,0
98,74,10,0
98,75,20,1
98,77,5,1
98,78,20,0
98,79,20,1
98,80,20,0
98,83,20,0
98,84,20,0
98,85,20,0
98,86,20,0
98,87,20,0
98,89,20,1
98,90,20,0
98,91,20,0
98,94,20,1
98,95,20,0
98,96,10,0
98,97,20,0
98,99,20,1
98,100,20,1
98,101,7,1
98,102,20,0
98,106,20,0
98,108,20,0
98,114,20,0
98,116,20,0
98,118,20,0
98,119,20,0
98,120,20,0
98,121,20,0
98,122,20,0
98,127,20,1
98,128,20,1
98,129,7,1
98,130,20,0
98,131,20,0
98,132,20,0
98,135,20,0
98,136,20,1
98,138,20,0
98,140,10,1
98,141,7,1
98,142,20,0
98,144,20,0
98,145,20,0
98,146,20,0
98,147,20,1
98,148,20,0
98,154,20,0
98,155,7,1
98,156,20,0
98,157,20,0
98,158,7,0
98,159,20,0
98,160,20,0
98,161,20,0
98,162,20,0
98,163,20,0
98,164,3,1
98,165,20,0
98,166,20,0
98,167,20,0
98,168,20,0
98,169,20,0
98,170,20,0
98,171,20,0
98,172,20,0
98,173,20,0
98,174,6,0
98,175,20,1
98,176,20,0
98,177,7,0
98,179,20,0
98,181,20,0
98,182,20,0
98,185,20,1
98,186,20,0
98,187,20,0
98,189,20,0
98,191,20,0
98,192,20,0
98,193,20,0
98,195,20,0
98,196,7,1
98,197,20,1
98,198,20,0
98,3,12,0
99,5,20,0
99,32,20,1
99,68,20,1
99,77,20,1
99,79,12,1
99,80,12,0
99,87,20,0
99,97,20,0
99,98,20,1
99,115,20,0
99,116,10,0
99,118,20,0
99,164,10,1
99,169,20,0
99,174,20,0
99,82,12,0
100,5,20,0
100,10,20,0
100,32,20,1
100,42,20,0
100,68,20,1
100,77,20,1
100,83,20,0
100,91,20,0
100,98,20,1
100,102,20,0
100,107,20,0
100,111,12,1
100,112,20,0
100,127,10,1
100,142,20,0
100,145,7,0
100,162,20,0
100,164,6,1
100,166,20,0
100,174,20,0
100,177,20,0
100,185,20,1
100,195,20,0
100,143,6,0
100,114,12,0
100,172,10,0
101,5,5,0
101,32,7,1
101,42,20,0
101,68,7,1
101,77,7,1
101,83,20,0
101,91,20,0
101,98,7,1
101,102,7,0
101,107,20,0
101,112,20,0
101,118,20,0
101,119,20,0
101,142,20,0
101,145,20,0
101,164,5,1
101,174,20,0
101,175,20,1
101,177,20,0
101,181,20,0
101,196,20,1
102,5,20,0
102,32,20,0
102,42,6,1
102,68,20,0
102,77,20,0
102,83,4,1
102,86,20,0
102,91,6,0
102,92,20,1
102,94,20,0
102,95,20,1
102,96,20,0
102,98,20,0
102,100,20,0
102,101,7,0
102,104,20,0
102,105,20,0
102,106,20,0
102,107,4,1
102,111,20,0
102,112,20,1
102,114,20,0
102,115,20,0
102,117,12,0
102,118,10,0
102,119,10,0
102,120,20,0
102,121,20,0
102,122,20,0
102,125,7,1
102,127,12,0
102,132,20,1
102,137,20,1
102,142,20,1
102,143,20,1
102,144,20,0
102,145,10,1
102,146,20,0
102,148,20,0
102,152,20,0
102,164,20,0
102,166,20,0
102,171,10,0
102,177,6,1
102,181,20,0
102,6,6,0
103,2,20,0
103,5,7,0
103,12,20,0
103,17,20,1
103,22,20,1
103,43,20,1
103,80,20,1
103,174,7,1
104,5,20,0
104,42,20,0
104,48,20,0
104,83,20,0
104,86,20,0
104,91,20,0
104,102,20,0
104,107,20,0
104,112,20,0
104,142,20,0
104,145,20,0
104,154,20,0
104,164,10,1
104,166,20,0
104,174,20,0
104,177,20,0
105,2,20,0
105,5,20,0
105,17,20,0
105,42,20,0
105,83,20,0
105,91,20,0
105,102,20,0
105,107,20,0
105,112,20,0
105,115,20,0
105,142,20,0
105,145,20,0
105,164,20,0
105,177,20,0
105,186,12,0
106,5,10,1
106,14,20,0
106,22,20,0
106,23,20,0
106,28,20,0
106,32,20,0
106,37,20,0
106,42,20,0
106,68,20,0
106,77,20,0
106,83,20,0
106,91,20,0
106,98,20,0
106,102,20,0
106,107,20,0
106,112,20,0
106,126,20,0
106,142,20,0
106,145,20,0
106,164,20,0
106,165,20,0
106,168,20,0
106,171,20,0
106,174,20,0
106,177,20,0
106,182,20,0
106,196,20,0
106,95,12,0
106,96,12,0
107,5,20,0
107,42,5,1
107,83,3,1
107,86,20,0
107,91,5,0
107,92,20,1
107,94,20,0
107,95,20,1
107,96,20,0
107,100,20,0
107,101,20,0
107,102,4,1
107,104,20,0
107,105,20,0
107,106,20,0
107,111,20,0
107,112,10,1
107,114,20,0
107,115,20,0
107,117,12,0
107,118,20,0
107,119,20,0
107,120,20,0
107,121,20,0
107,122,20,0
107,125,7,1
107,132,20,1
107,137,20,1
107,142,10,1
107,143,20,1
107,144,20,0
107,145,6,1
107,146,20,0
107,148,20,0
107,152,20,0
107,174,20,0
107,177,5,1
107,6,12,0
107,191,10,0
108,1,20,0
108,5,10,0
108,6,20,1
108,15,20,1
108,32,20,0
108,54,20,1
108,68,20,0
108,77,20,0
108,96,20,1
108,98,20,0
108,134,20,0
108,144,20,1
108,164,20,0
108,174,6,1
108,187,20,1
108,189,20,1
108,196,20,0
109,65,12,0
109,82,20,0
109,86,20,0
109,92,7,1
109,96,20,0
109,97,12,0
109,118,20,0
109,121,12,0
109,131,10,1
109,132,12,1
109,134,20,0
109,137,12,1
109,142,12,1
109,143,12,1
109,145,12,1
109,148,20,0
109,149,20,1
109,159,20,0
109,163,20,0
109,164,10,0
109,174,20,0
109,175,12,0
109,186,20,0
110,5,20,0
110,22,20,1
110,34,20,1
110,46,20,1
110,90,20,1
110,91,20,1
110,182,20,1
110,193,20,1
110,113,12,1
111,1,20,0
111,32,12,1
111,42,20,0
111,69,12,0
111,79,12,1
111,82,12,0
111,83,20,0
111,91,20,0
111,94,12,1
111,100,12,1
111,102,20,0
111,107,20,0
111,112,20,0
111,118,20,0
111,127,12,1
111,132,12,0
111,142,20,0
111,145,20,0
111,174,20,0
111,177,20,0
111,150,4,1
111,147,6,1
111,173,12,0
112,5,20,0
112,20,20,0
112,22,20,0
112,26,20,0
112,42,10,1
112,83,10,1
112,86,20,0
112,91,10,0
112,92,20,1
112,94,20,0
112,95,20,1
112,96,20,0
112,100,20,0
112,101,20,0
112,102,20,1
112,104,20,0
112,105,20,0
112,106,20,0
112,107,10,1
112,111,20,0
112,114,20,0
112,115,20,0
112,117,12,0
112,118,20,0
112,119,20,0
112,120,20,0
112,121,20,0
112,122,20,0
112,125,7,1
112,132,20,1
112,137,20,1
112,142,5,1
112,143,20,1
112,144,20,0
112,145,20,1
112,146,20,0
112,148,20,0
112,152,20,0
112,164,20,0
112,174,20,0
112,177,10,1
112,185,10,0
112,172,10,1
113,5,10,0
113,22,10,1
113,34,20,1
113,43,20,1
113,46,20,1
113,48,20,0
113,65,7,0
113,90,20,1
113,91,20,1
113,97,20,0
113,115,20,0
113,118,20,0
113,164,10,0
113,174,10,1
113,175,7,0
113,182,20,1
113,110,12,1
113,159,12,0
114,5,20,0
114,19,20,0
114,21,20,0
114,32,20,0
114,42,20,0
114,51,10,1
114,68,20,0
114,77,20,0
114,83,20,0
114,91,20,1
114,98,20,0
114,102,20,0
114,107,20,0
114,112,20,0
114,117,7,1
114,136,20,0
114,142,20,0
114,144,12,1
114,145,7,0
114,164,20,0
114,173,12,1
114,177,20,0
114,178,12,1
114,189,12,1
114,192,12,1
114,198,20,0
114,96,12,1
114,100,12,0
114,165,10,1
115,1,20,0
115,10,20,0
115,42,20,0
115,52,20,0
115,62,20,0
115,82,20,0
115,83,20,0
115,91,20,0
115,97,10,1
115,99,20,0
115,102,20,0
115,105,20,0
115,107,20,0
115,112,20,0
115,113,20,0
115,118,6,1
115,119,20,0
115,127,20,0
115,129,12,0
115,142,20,0
115,145,20,0
115,146,20,1
115,162,20,0
115,164,20,0
115,177,20,0
115,185,20,0
115,195,20,0
116,5,10,0
116,6,12,1
116,15,12,1
116,32,20,0
116,54,12,1
116,65,20,0
116,66,20,1
116,68,20,0
116,77,20,0
116,96,12,1
116,98,20,0
116,99,10,0
116,144,12,1
116,145,20,0
116,164,7,0
116,174,7,1
116,175,20,0
116,177,20,0
116,187,12,1
116,189,12,1
116,190,12,1
117,5,10,0
117,10,20,0
117,22,10,1
117,34,20,1
117,37,20,1
117,42,12,0
117,46,20,1
117,51,20,1
117,83,12,0
117,90,20,1
117,91,7,1
117,95,20,0
117,102,12,0
117,107,12,0
117,112,12,0
117,114,7,1
117,122,10,1
117,142,12,0
117,145,12,0
117,164,10,0
117,166,20,0
117,174,10,1
117,177,12,0
117,182,20,1
117,96,12,1
118,1,20,0
118,5,6,0
118,6,20,0
118,12,10,0
118,13,20,0
118,30,20,0
118,32,20,0
118,34,20,0
118,42,20,0
118,46,20,0
118,48,20,0
118,52,7,0
118,59,20,0
118,62,20,0
118,66,20,0
118,68,20,0
118,77,20,0
118,81,10,0
118,82,10,0
118,83,20,0
118,86,20,0
118,91,20,0
118,97,5,1
118,98,20,0
118,99,20,0
118,101,20,0
118,102,10,0
118,107,20,0
118,109,20,0
118,111,20,0
118,112,20,0
118,113,20,0
118,115,6,1
118,119,20,0
118,121,20,0
118,127,12,0
118,129,12,0
118,130,20,0
118,132,20,0
118,137,20,0
118,138,12,0
118,139,12,0
118,142,10,0
118,145,20,0
118,146,10,1
118,148,10,0
118,155,12,0
118,156,20,0
118,159,10,0
118,164,20,0
118,175,20,0
118,177,20,0
118,178,6,0
118,181,6,0
118,184,6,1
118,185,20,0
118,186,6,0
119,5,3,0
119,6,20,1
119,13,20,0
119,22,20,1
119,32,20,0
119,34,20,1
119,41,20,0
119,42,20,0
119,46,20,1
119,51,20,1
119,59,20,1
119,63,20,1
119,68,20,0
119,77,10,0
119,80,20,1
119,81,20,1
119,82,20,1
119,83,20,0
119,90,20,1
119,91,6,1
119,97,20,0
119,98,20,0
119,101,20,0
119,102,10,0
119,107,20,0
119,112,20,0
119,115,20,0
119,118,20,0
119,137,20,0
119,142,10,0
119,143,20,0
119,145,20,0
119,162,20,1
119,164,10,0
119,173,20,1
119,174,10,1
119,177,20,0
119,182,20,1
119,186,10,1
119,188,20,1
119,193,20,1
119,197,20,0
120,5,20,0
120,6,12,1
120,10,20,0
120,15,12,1
120,32,20,0
120,42,20,0
120,54,12,1
120,68,20,0
120,77,20,0
120,83,20,0
120,91,20,1
120,96,12,1
120,98,20,0
120,102,20,0
120,107,20,0
120,112,20,0
120,142,20,0
120,144,7,1
120,145,20,0
120,162,20,1
120,164,6,0
120,166,20,0
120,174,12,1
120,177,20,0
120,187,12,1
120,189,12,1
120,195,20,1
120,194,12,1
121,5,5,0
121,21,7,0
121,22,20,1
121,32,20,0
121,34,7,1
121,42,20,0
121,46,7,1
121,48,12,0
121,68,7,0
121,77,20,0
121,83,7,0
121,87,20,1
121,90,20,1
121,91,10,1
121,98,20,0
121,102,20,0
121,107,20,0
121,109,12,0
121,112,20,0
121,118,20,0
121,131,12,0
121,132,12,0
121,142,20,0
121,143,12,0
121,144,12,1
121,145,20,0
121,164,20,0
121,177,20,0
121,178,4,1
121,181,20,1
121,182,20,1
121,167,12,0
122,5,20,0
122,14,7,1
122,28,20,0
122,31,20,0
122,42,20,0
122,83,20,0
122,91,20,1
122,95,12,0
122,96,12,1
122,98,20,0
122,102,20,0
122,107,20,0
122,112,20,0
122,117,10,1
122,138,20,0
122,142,20,0
122,145,20,0
122,164,20,0
122,174,10,1
122,177,20,0
123,5,20,0
123,16,20,0
123,22,20,0
123,34,20,0
123,46,20,0
123,86,7,0
123,90,20,0
123,91,20,0
123,142,20,0
123,182,20,0
123,125,4,0
124,87,12,1
124,166,12,0
124,131,6,0
124,133,12,1
125,5,20,0
125,8,12,0
125,10,20,1
125,22,20,0
125,34,20,0
125,42,7,1
125,46,20,0
125,83,7,1
125,90,20,0
125,91,5,0
125,102,7,1
125,107,7,1
125,112,7,1
125,142,7,1
125,145,7,1
125,162,20,0
125,164,20,0
125,166,20,0
125,177,7,1
125,182,20,0
125,195,20,0
125,31,12,0
125,32,12,0
125,149,12,1
125,153,6,1
125,123,4,0
125,175,10,0
126,4,20,0
126,5,20,0
126,14,6,0
126,23,10,1
126,24,20,0
126,26,20,0
126,28,10,1
126,37,10,0
126,106,20,0
126,146,20,0
126,163,20,0
126,165,6,0
126,168,6,0
126,171,10,0
126,173,20,0
126,174,20,0
126,181,20,0
126,182,10,0
126,187,20,0
127,5,6,0
127,10,20,0
127,22,10,0
127,32,20,1
127,34,20,0
127,40,12,0
127,46,20,0
127,68,20,1
127,77,20,1
127,86,20,0
127,87,20,0
127,90,20,0
127,91,20,0
127,98,20,1
127,100,10,1
127,102,12,0
127,111,12,1
127,115,20,0
127,118,12,0
127,134,12,0
127,162,20,0
127,164,10,1
127,169,20,0
127,174,10,0
127,182,20,0
127,192,12,0
127,195,20,0
127,196,20,1
127,28,12,0
128,5,20,0
128,32,20,1
128,68,20,1
128,77,20,1
128,98,20,1
128,155,20,1
128,164,10,1
128,174,10,0
128,185,20,1
128,168,12,0
129,5,7,0
129,32,7,1
129,68,7,1
129,77,7,1
129,97,12,0
129,98,7,1
129,115,12,0
129,118,12,0
129,164,5,1
129,166,20,0
129,174,10,0
129,189,20,0
130,5,20,0
130,16,20,0
130,32,20,0
130,35,12,1
130,68,20,0
130,77,20,0
130,86,20,0
130,87,20,0
130,98,20,0
130,118,20,0
130,142,20,0
130,145,20,0
130,164,20,0
130,181,20,0
130,11,12,0
130,193,12,0
130,132,12,0
131,5,20,0
131,32,20,0
131,68,20,0
131,77,20,0
131,92,7,1
131,97,12,0
131,98,20,0
131,109,10,1
131,121,12,0
131,132,12,1
131,137,12,1
131,142,12,1
131,143,12,1
131,145,12,1
131,149,20,1
131,164,20,0
131,166,20,0
131,174,20,0
131,196,20,0
131,124,6,0
131,133,12,0
132,5,20,0
132,10,20,1
132,22,20,0
132,32,12,0
132,42,20,1
132,83,20,1
132,91,20,0
132,92,7,1
132,97,12,0
132,98,20,0
132,102,20,1
132,107,20,1
132,109,12,1
132,111,12,0
132,112,20,1
132,118,20,0
132,121,12,0
132,131,12,1
132,137,12,1
132,142,7,1
132,143,3,1
132,144,5,0
132,145,4,1
132,148,7,0
132,149,7,1
132,159,20,0
132,164,20,0
132,174,10,0
132,177,20,1
132,186,20,0
132,11,12,0
132,130,12,0
133,87,20,1
133,166,20,0
133,174,20,1
133,191,10,1
133,124,12,1
133,131,12,0
134,1,20,0
134,10,20,0
134,16,4,1
134,23,7,0
134,24,20,0
134,93,12,0
134,108,20,0
134,109,20,0
134,127,12,0
134,135,20,0
134,143,12,0
134,161,5,0
134,162,20,0
134,164,10,0
134,195,20,0
134,185,3,0
134,173,10,0
135,5,10,1
135,32,20,0
135,68,20,0
135,77,20,0
135,98,20,0
135,134,20,0
135,145,20,0
135,161,20,0
135,164,20,0
135,174,20,0
135,171,12,0
136,5,6,0
136,22,20,0
136,32,20,1
136,34,20,0
136,46,20,0
136,51,20,0
136,68,20,1
136,77,20,1
136,90,20,0
136,91,20,0
136,98,20,1
136,114,20,0
136,164,5,1
136,166,20,0
136,174,7,0
136,182,20,0
136,192,20,0
136,196,20,1
137,10,20,1
137,42,20,1
137,83,20,1
137,91,20,0
137,102,20,1
137,107,20,1
137,109,12,1
137,112,20,1
137,118,20,0
137,119,20,0
137,131,12,1
137,132,12,1
137,142,20,1
137,143,12,1
137,144,12,0
137,145,20,1
137,162,20,0
137,164,20,0
137,171,20,0
137,174,20,0
137,177,20,1
137,181,20,0
137,195,20,0
137,196,20,0
137,191,6,0
138,5,6,1
138,32,20,0
138,68,20,0
138,77,20,0
138,96,12,0
138,98,20,0
138,118,12,0
138,122,20,0
138,148,12,0
138,159,12,0
138,163,12,1
138,164,20,0
138,174,20,0
138,186,12,0
139,5,20,0
139,10,20,0
139,96,12,1
139,118,12,0
139,148,12,1
139,159,12,0
139,162,20,1
139,163,12,0
139,164,20,0
139,186,12,1
139,195,20,1
140,5,6,0
140,32,20,1
140,68,20,1
140,77,20,1
140,80,12,0
140,98,10,1
140,164,6,1
140,174,20,0
140,177,20,0
141,5,7,0
141,32,7,1
141,48,20,0
141,68,7,1
141,77,7,1
141,98,7,1
141,154,20,0
141,164,5,1
141,174,20,0
142,5,10,0
142,10,20,1
142,16,10,0
142,22,20,0
142,32,20,0
142,34,20,0
142,42,10,1
142,46,20,0
142,62,4,0
142,68,10,0
142,77,20,0
142,80,20,0
142,83,10,1
142,86,20,0
142,90,20,0
142,91,4,0
142,92,20,1
142,94,20,0
142,95,20,1
142,96,20,0
142,98,20,0
142,100,20,0
142,101,20,0
142,102,20,1
142,104,20,0
142,105,20,0
142,106,20,0
142,107,10,1
142,109,12,1
142,111,20,0
142,112,5,1
142,114,20,0
142,115,20,0
142,117,12,0
142,118,10,0
142,119,10,0
142,120,20,0
142,121,20,0
142,122,20,0
142,123,20,0
142,125,7,1
142,130,20,0
142,131,12,1
142,132,7,1
142,137,20,1
142,143,7,1
142,144,7,0
142,145,20,1
142,146,7,0
142,148,20,0
142,152,20,0
142,162,4,0
142,164,6,0
142,177,10,1
142,182,20,0
142,192,20,0
142,195,20,0
142,97,12,0
143,42,20,1
143,83,20,1
143,87,20,0
143,91,20,0
143,92,7,1
143,97,12,0
143,102,20,1
143,107,20,1
143,109,12,1
143,112,20,1
143,119,20,0
143,121,12,0
143,131,12,1
143,132,3,1
143,134,12,0
143,137,12,1
143,142,7,1
143,144,5,0
143,145,7,1
143,148,12,0
143,149,7,1
143,166,20,0
143,177,20,1
143,185,6,0
143,100,6,0
144,1,12,0
144,2,20,0
144,4,12,1
144,5,4,0
144,6,3,1
144,8,12,1
144,9,12,1
144,14,12,1
144,15,3,1
144,17,3,1
144,18,20,0
144,21,12,0
144,22,12,1
144,27,12,1
144,29,6,1
144,30,12,1
144,32,20,0
144,37,12,1
144,40,10,0
144,42,20,0
144,43,7,1
144,50,20,0
144,51,12,1
144,54,4,1
144,55,12,1
144,57,12,1
144,59,12,1
144,61,12,1
144,62,12,1
144,63,12,1
144,66,12,1
144,68,20,0
144,69,12,1
144,71,20,0
144,74,12,1
144,77,7,0
144,78,12,1
144,79,12,0
144,80,12,1
144,81,12,1
144,83,20,0
144,87,7,1
144,91,4,1
144,92,7,0
144,96,3,1
144,97,12,0
144,98,20,0
144,102,20,0
144,107,20,0
144,108,20,1
144,112,20,0
144,114,12,1
144,116,12,1
144,120,7,1
144,121,12,1
144,132,5,0
144,137,12,0
144,142,7,0
144,143,5,0
144,145,7,0
144,148,6,1
144,149,7,0
144,156,12,1
144,157,12,1
144,158,12,1
144,162,12,1
144,164,5,0
144,165,12,1
144,169,12,1
144,170,12,0
144,173,3,1
144,174,3,1
144,176,3,1
144,177,20,0
144,178,4,1
144,181,12,1
144,182,12,1
144,187,2,1
144,189,1,1
144,191,12,1
144,192,5,1
144,195,12,1
144,198,12,0
145,5,10,0
145,16,20,0
145,20,20,0
145,32,20,0
145,36,20,0
145,42,6,1
145,66,6,0
145,68,20,0
145,77,20,0
145,83,6,1
145,86,20,0
145,91,6,0
145,92,20,1
145,94,20,0
145,95,20,1
145,96,20,0
145,98,20,0
145,100,7,0
145,101,20,0
145,102,10,1
145,104,20,0
145,105,20,0
145,106,20,0
145,107,6,1
145,109,12,1
145,111,20,0
145,112,20,1
145,114,7,0
145,115,20,0
145,116,20,0
145,117,12,0
145,118,20,0
145,119,20,0
145,120,20,0
145,121,20,0
145,122,20,0
145,125,7,1
145,130,20,0
145,131,12,1
145,132,4,1
145,135,20,0
145,137,20,1
145,142,20,1
145,143,7,1
145,144,7,0
145,146,20,0
145,148,20,0
145,152,20,0
145,164,4,0
145,174,20,0
145,176,20,0
145,177,3,1
145,190,12,0
145,11,12,0
145,14,4,0
145,172,10,1
145,163,10,0
146,5,20,0
146,14,20,0
146,22,20,0
146,23,20,0
146,28,20,0
146,32,20,0
146,37,20,0
146,42,20,0
146,68,20,0
146,75,12,0
146,77,20,0
146,83,20,0
146,87,20,0
146,91,20,0
146,97,3,1
146,98,20,0
146,102,20,0
146,107,20,0
146,112,20,0
146,115,20,1
146,118,10,1
146,126,20,0
146,142,7,0
146,145,20,0
146,164,10,0
146,165,20,0
146,168,20,0
146,171,20,0
146,177,20,0
146,181,20,0
146,182,20,0
146,192,20,0
146,196,20,0
146,62,12,0
146,162,12,0
147,5,20,0
147,32,20,1
147,68,20,1
147,77,20,1
147,98,20,1
147,164,20,1
147,174,20,0
147,177,20,0
147,111,6,1
147,150,6,1
147,173,12,0
148,5,20,0
148,10,20,0
148,32,20,0
148,42,20,0
148,51,12,1
148,68,20,0
148,77,20,0
148,83,20,0
148,86,20,0
148,91,7,1
148,98,20,0
148,102,20,0
148,107,20,0
148,109,20,0
148,112,20,0
148,118,10,0
148,132,7,0
148,138,12,0
148,139,12,1
148,142,20,0
148,143,12,0
148,144,6,1
148,145,20,0
148,159,10,0
148,162,20,1
148,164,6,0
148,174,20,1
148,177,20,0
148,186,10,1
148,187,12,1
148,195,20,1
149,109,20,1
149,131,20,1
149,132,7,1
149,143,7,1
149,144,7,0
149,164,20,0
149,32,6,0
149,153,6,1
149,125,12,1
150,48,20,0
150,154,20,0
150,111,4,1
150,147,6,1
150,173,12,0
151,164,20,1
152,5,7,1
152,36,20,0
152,42,20,0
152,65,20,0
152,83,20,0
152,91,20,0
152,102,20,0
152,107,20,0
152,112,20,0
152,142,20,0
152,145,20,0
152,164,20,0
152,174,20,0
152,175,20,0
152,177,20,0
152,192,7,0
153,86,12,0
153,32,6,0
153,149,6,1
153,125,6,1
154,5,20,0
154,48,5,1
154,93,12,1
154,98,20,0
154,104,20,0
154,141,20,0
154,150,20,0
154,164,10,0
154,174,6,0
154,175,20,0
154,155,12,0
155,5,7,0
155,32,7,1
155,46,20,0
155,67,20,0
155,68,7,1
155,77,7,1
155,98,7,1
155,118,12,0
155,128,20,1
155,164,7,1
155,174,20,0
155,181,12,0
155,154,12,0
156,5,10,0
156,6,12,1
156,10,20,0
156,15,12,1
156,32,20,0
156,54,12,1
156,68,20,0
156,77,20,0
156,96,12,1
156,98,20,0
156,118,20,0
156,144,12,1
156,162,20,1
156,164,10,0
156,170,20,0
156,174,7,1
156,181,20,1
156,183,20,1
156,187,12,1
156,189,6,1
156,195,7,1
156,27,3,1
156,169,12,1
156,193,12,1
156,14,10,1
157,2,5,0
157,5,10,0
157,6,12,1
157,15,12,1
157,17,20,1
157,32,20,0
157,54,12,1
157,68,20,0
157,77,20,0
157,87,20,1
157,96,12,1
157,98,20,0
157,144,12,1
157,164,20,0
157,174,7,1
157,177,20,0
157,187,12,1
157,189,12,1
157,33,10,0
158,2,20,0
158,5,10,0
158,6,12,1
158,15,12,1
158,17,20,1
158,32,20,0
158,54,12,1
158,68,20,0
158,77,20,0
158,96,12,1
158,98,7,0
158,144,12,1
158,164,3,0
158,174,3,1
158,187,12,1
158,189,12,1
158,190,12,1
158,3,12,0
158,55,12,1
158,28,10,0
159,5,20,0
159,32,20,0
159,35,2,1
159,68,20,0
159,77,20,0
159,98,20,0
159,109,20,0
159,118,10,0
159,132,20,0
159,138,12,0
159,139,12,0
159,148,10,0
159,164,20,0
159,186,10,0
159,177,6,0
159,113,12,0
159,190,12,0
159,86,10,0
160,0,2,1
160,5,20,1
160,18,12,1
160,21,20,0
160,32,20,0
160,68,20,0
160,77,20,0
160,87,20,0
160,98,20,0
160,164,10,0
161,5,20,0
161,8,10,1
161,12,20,0
161,21,10,0
161,22,6,1
161,32,20,0
161,68,20,0
161,77,20,0
161,98,20,0
161,134,5,0
161,135,20,0
161,164,10,0
161,166,20,0
161,169,10,1
161,173,20,1
161,176,10,1
161,177,20,0
162,3,20,0
162,5,20,0
162,6,12,1
162,10,5,0
162,15,12,1
162,19,20,0
162,20,20,0
162,21,20,0
162,24,20,0
162,32,20,0
162,42,20,0
162,44,20,0
162,45,12,0
162,54,12,1
162,59,20,1
162,62,4,1
162,68,10,0
162,74,20,1
162,77,20,0
162,79,20,0
162,80,20,1
162,91,20,1
162,92,7,0
162,94,20,0
162,96,7,1
162,98,20,0
162,100,20,0
162,115,20,0
162,119,20,1
162,120,20,1
162,125,20,0
162,127,20,0
162,134,20,0
162,137,20,0
162,139,20,1
162,142,4,0
162,144,12,1
162,148,20,1
162,156,20,1
162,164,5,0
162,165,20,1
162,167,20,0
162,173,20,1
162,174,7,1
162,176,20,1
162,187,12,1
162,189,12,1
162,195,6,1
162,146,12,0
163,5,10,1
163,14,20,0
163,23,20,0
163,28,20,0
163,32,20,0
163,37,20,0
163,68,20,0
163,77,20,0
163,96,10,0
163,98,20,0
163,109,20,0
163,126,20,0
163,138,12,1
163,139,12,0
163,164,10,0
163,165,20,0
163,168,20,0
163,171,20,0
163,174,20,0
163,182,20,0
163,196,20,0
163,2,12,1
163,30,12,0
163,33,6,1
163,145,10,0
163,189,10,0
164,0,20,0
164,1,20,0
164,2,20,0
164,3,20,0
164,4,10,0
164,5,5,0
164,6,7,0
164,7,20,0
164,8,20,0
164,9,6,0
164,10,6,0
164,11,20,0
164,13,20,0
164,14,10,0
164,15,7,0
164,16,6,0
164,17,20,0
164,18,20,0
164,19,10,0
164,20,5,1
164,21,10,0
164,22,20,0
164,24,2,1
164,25,20,0
164,26,10,0
164,27,20,0
164,28,20,0
164,29,20,0
164,30,10,0
164,31,10,0
164,32,5,1
164,33,20,0
164,35,20,0
164,36,5,1
164,37,6,0
164,40,20,0
164,41,5,1
164,42,6,0
164,43,20,0
164,44,6,1
164,45,5,1
164,47,20,0
164,49,20,0
164,50,7,1
164,52,20,0
164,54,5,0
164,55,10,0
164,57,10,0
164,59,6,0
164,60,20,0
164,61,20,0
164,62,20,0
164,63,20,0
164,64,12,0
164,65,10,1
164,66,20,0
164,68,4,1
164,69,20,0
164,70,20,0
164,72,12,0
164,73,10,0
164,74,10,0
164,75,20,1
164,77,5,1
164,78,20,0
164,79,6,1
164,80,10,0
164,83,20,0
164,84,10,0
164,85,20,0
164,86,10,0
164,87,10,0
164,89,10,1
164,90,20,0
164,91,10,0
164,92,7,0
164,94,10,1
164,95,20,0
164,96,3,0
164,97,20,0
164,98,3,1
164,99,10,1
164,100,6,1
164,101,5,1
164,102,20,0
164,104,10,1
164,105,20,0
164,106,20,0
164,108,20,0
164,109,10,0
164,112,20,0
164,113,10,0
164,114,20,0
164,115,20,0
164,116,7,0
164,117,10,0
164,118,20,0
164,119,10,0
164,120,6,0
164,121,20,0
164,122,20,0
164,125,20,0
164,127,10,1
164,128,10,1
164,129,5,1
164,130,20,0
164,131,20,0
164,132,20,0
164,134,10,0
164,135,20,0
164,136,5,1
164,137,20,0
164,138,20,0
164,139,20,0
164,140,6,1
164,141,5,1
164,142,6,0
164,144,5,0
164,145,4,0
164,146,10,0
164,147,20,1
164,148,6,0
164,149,20,0
164,151,20,1
164,152,20,0
164,154,10,0
164,155,7,1
164,156,10,0
164,157,20,0
164,158,3,0
164,159,20,0
164,160,10,0
164,161,10,0
164,162,5,0
164,163,10,0
164,165,10,0
164,166,20,0
164,167,10,0
164,168,10,0
164,169,7,0
164,170,20,0
164,171,20,0
164,172,20,0
164,173,4,0
164,174,2,0
164,175,20,1
164,176,10,0
164,177,3,0
164,179,20,0
164,181,20,0
164,182,10,0
164,185,5,1
164,186,10,0
164,187,5,0
164,188,20,0
164,189,7,0
164,190,12,0
164,191,20,0
164,192,10,0
164,193,20,0
164,195,6,0
164,196,7,1
164,197,20,1
164,198,20,0
165,4,20,1
165,5,10,0
165,6,12,1
165,10,20,0
165,14,5,1
165,15,12,1
165,23,5,0
165,24,20,0
165,26,20,0
165,28,6,0
165,32,20,0
165,37,6,1
165,54,12,1
165,68,20,0
165,77,20,0
165,96,12,1
165,98,20,0
165,106,20,0
165,126,6,0
165,144,12,1
165,146,20,0
165,162,20,1
165,163,20,0
165,164,10,0
165,168,5,1
165,170,20,0
165,171,6,1
165,173,20,1
165,174,7,1
165,178,12,1
165,181,10,1
165,182,2,1
165,183,20,1
165,187,7,1
165,189,12,1
165,195,20,1
165,196,10,0
165,22,10,1
165,114,10,1
166,1,20,0
166,5,10,0
166,6,20,0
166,32,20,0
166,36,20,0
166,68,20,0
166,70,20,0
166,77,20,0
166,83,20,0
166,95,6,0
166,96,20,0
166,98,20,0
166,100,20,0
166,102,20,0
166,104,20,0
166,117,20,0
166,120,20,0
166,124,12,0
166,125,20,0
166,129,20,0
166,131,20,0
166,133,20,0
166,136,20,0
166,143,20,0
166,161,20,0
166,164,20,0
166,177,20,0
166,180,20,0
166,181,20,0
166,182,20,0
166,189,12,0
166,192,20,0
166,198,3,1
166,8,12,0
166,11,12,1
166,31,6,1
166,73,12,1
166,179,12,1
167,0,12,1
167,2,20,1
167,5,10,1
167,8,20,0
167,10,20,0
167,17,20,0
167,32,20,0
167,68,20,0
167,77,20,0
167,98,20,0
167,162,20,0
167,164,10,0
167,177,20,0
167,195,20,0
167,34,12,0
167,121,12,0
167,178,12,0
168,2,20,0
168,4,20,1
168,5,10,0
168,14,5,1
168,17,20,1
168,23,6,0
168,24,20,0
168,26,20,0
168,28,6,0
168,32,6,0
168,37,6,1
168,68,20,0
168,77,20,0
168,98,20,0
168,106,20,0
168,126,6,0
168,146,20,0
168,163,20,0
168,164,10,0
168,165,5,1
168,170,20,0
168,171,6,1
168,173,20,1
168,174,10,1
168,181,20,1
168,182,6,1
168,183,20,1
168,187,20,1
168,196,20,0
168,128,12,0
169,5,10,0
169,6,12,1
169,8,10,1
169,10,20,0
169,15,12,1
169,21,10,0
169,22,10,1
169,26,20,0
169,27,7,1
169,32,20,0
169,35,12,0
169,38,7,1
169,53,20,0
169,54,12,1
169,63,20,1
169,68,20,0
169,77,20,0
169,87,20,1
169,88,20,1
169,94,20,0
169,96,12,1
169,98,20,0
169,99,20,0
169,127,20,0
169,144,12,1
169,161,10,1
169,164,7,0
169,173,20,1
169,174,7,1
169,176,10,1
169,187,12,1
169,189,6,1
169,190,5,1
169,193,7,1
169,196,20,0
169,156,12,1
169,51,12,1
170,2,6,1
170,5,10,1
170,17,20,0
170,25,5,0
170,27,20,0
170,32,20,0
170,68,20,0
170,77,20,0
170,98,20,0
170,144,12,0
170,156,20,0
170,164,20,0
170,165,20,0
170,168,20,0
170,174,10,0
170,177,20,0
170,183,5,0
170,187,12,0
170,188,20,0
170,193,20,0
170,196,20,0
170,1,12,1
170,7,6,0
170,37,12,0
171,4,20,1
171,5,20,0
171,14,6,1
171,23,10,0
171,24,20,0
171,26,20,0
171,28,10,0
171,32,20,0
171,37,10,1
171,68,20,0
171,70,20,0
171,77,20,0
171,94,20,0
171,98,20,0
171,102,10,0
171,106,20,0
171,126,10,0
171,137,20,0
171,146,20,0
171,163,20,0
171,164,20,0
171,165,6,1
171,168,6,1
171,173,20,1
171,174,20,1
171,181,20,1
171,182,5,1
171,187,20,1
171,135,12,0
172,5,10,0
172,32,20,0
172,68,20,0
172,77,20,0
172,98,20,0
172,164,20,0
172,174,20,0
172,185,20,0
172,186,20,0
172,196,20,0
172,94,12,0
172,100,10,0
172,112,10,1
172,145,10,1
173,5,6,0
173,6,12,1
173,10,20,0
173,14,20,1
173,15,12,1
173,21,12,0
173,22,20,1
173,23,20,0
173,28,20,0
173,29,12,1
173,32,20,0
173,34,20,1
173,37,6,1
173,46,20,1
173,51,12,1
173,54,12,1
173,68,20,0
173,74,20,1
173,77,20,0
173,86,20,0
173,87,10,1
173,90,20,1
173,91,7,1
173,96,12,1
173,98,20,0
173,114,12,1
173,119,20,1
173,126,20,0
173,144,3,1
173,161,20,1
173,162,20,1
173,164,4,0
173,165,20,1
173,168,20,1
173,169,20,1
173,171,20,1
173,174,5,1
173,176,7,1
173,178,10,1
173,182,10,1
173,187,12,1
173,189,3,1
173,190,12,1
173,192,20,1
173,195,20,1
173,196,10,0
173,111,12,0
173,147,12,0
173,150,12,0
173,134,10,0
174,0,20,0
174,1,12,0
174,2,10,0
174,4,7,1
174,5,3,0
174,6,6,1
174,8,7,1
174,9,3,1
174,10,20,0
174,11,10,0
174,12,20,0
174,13,20,0
174,14,7,1
174,15,4,1
174,16,10,0
174,17,4,1
174,18,20,0
174,20,20,0
174,21,20,0
174,22,4,1
174,23,20,0
174,24,20,0
174,25,20,0
174,26,20,0
174,27,7,1
174,29,12,1
174,30,7,1
174,32,10,0
174,33,20,0
174,34,7,1
174,36,10,0
174,37,3,1
174,38,6,1
174,39,20,0
174,40,20,0
174,42,20,0
174,43,7,1
174,45,20,0
174,46,20,1
174,47,10,0
174,48,20,0
174,54,7,1
174,55,7,1
174,57,12,1
174,59,4,1
174,61,12,1
174,62,12,1
174,63,5,1
174,64,20,0
174,65,20,0
174,66,12,1
174,67,20,1
174,68,10,0
174,69,7,1
174,72,20,0
174,73,20,0
174,74,7,1
174,76,20,0
174,77,7,0
174,78,12,1
174,79,7,0
174,80,12,1
174,81,12,1
174,82,20,1
174,83,10,0
174,84,10,0
174,86,12,0
174,87,4,1
174,89,20,0
174,91,7,1
174,94,20,0
174,95,20,0
174,96,4,1
174,98,6,0
174,99,20,0
174,100,20,0
174,101,20,0
174,103,7,1
174,104,20,0
174,106,20,0
174,107,20,0
174,108,6,1
174,109,20,0
174,111,20,0
174,112,20,0
174,113,10,1
174,116,7,1
174,117,10,1
174,119,10,1
174,120,12,1
174,122,10,1
174,126,20,0
174,127,10,0
174,128,10,0
174,129,10,0
174,131,20,0
174,132,10,0
174,133,20,1
174,135,20,0
174,136,7,0
174,137,20,0
174,138,20,0
174,140,20,0
174,141,20,0
174,144,3,1
174,145,20,0
174,147,20,0
174,148,20,1
174,152,20,0
174,154,6,0
174,155,20,0
174,156,7,1
174,157,7,1
174,158,3,1
174,162,7,1
174,163,20,0
174,164,2,0
174,165,7,1
174,168,10,1
174,169,7,1
174,170,10,0
174,171,20,1
174,172,20,0
174,173,5,1
174,175,20,0
174,176,5,1
174,177,5,0
174,179,20,0
174,181,20,1
174,182,7,1
174,184,20,0
174,185,10,0
174,186,20,1
174,187,3,1
174,188,5,1
174,189,2,1
174,190,5,1
174,191,12,1
174,192,7,1
174,193,5,1
174,195,7,1
174,196,10,0
174,197,20,0
174,198,7,0
175,5,5,0
175,22,20,0
175,32,20,1
175,34,20,0
175,39,20,0
175,46,10,0
175,50,7,1
175,52,20,0
175,57,20,0
175,61,20,0
175,65,6,1
175,67,20,0
175,68,20,1
175,70,20,0
175,71,20,0
175,77,20,1
175,78,20,0
175,85,20,0
175,86,20,0
175,90,20,0
175,91,20,0
175,98,20,1
175,101,20,1
175,109,12,0
175,113,7,0
175,116,20,0
175,118,20,0
175,152,20,0
175,154,20,0
175,164,20,1
175,174,20,0
175,176,20,0
175,182,20,0
175,192,20,0
175,194,20,0
175,125,10,0
176,5,10,0
176,6,12,1
176,8,10,1
176,10,20,0
176,15,12,1
176,21,10,0
176,22,10,1
176,32,20,0
176,54,12,1
176,65,20,0
176,66,20,1
176,68,10,0
176,77,10,0
176,80,12,1
176,96,12,1
176,98,20,0
176,144,3,1
176,145,20,0
176,161,10,1
176,162,20,1
176,164,10,0
176,169,10,1
176,173,7,1
176,174,5,1
176,175,20,0
176,177,20,0
176,178,7,1
176,186,20,1
176,187,12,1
176,189,4,1
176,192,7,1
176,195,20,1
176,198,20,0
176,71,6,0
177,5,3,0
177,15,20,0
177,16,20,0
177,20,10,0
177,22,20,0
177,23,20,0
177,30,20,0
177,32,7,0
177,34,20,0
177,36,20,0
177,42,5,1
177,46,10,0
177,66,10,0
177,68,7,0
177,69,20,0
177,77,7,0
177,83,5,1
177,86,20,0
177,87,20,0
177,90,20,0
177,91,4,0
177,92,20,1
177,94,20,0
177,95,20,1
177,96,20,0
177,98,7,0
177,100,20,0
177,101,20,0
177,102,6,1
177,104,20,0
177,105,20,0
177,106,20,0
177,107,5,1
177,111,20,0
177,112,10,1
177,114,20,0
177,115,20,0
177,116,20,0
177,117,12,0
177,118,20,0
177,119,20,0
177,120,20,0
177,121,20,0
177,122,20,0
177,125,7,1
177,132,20,1
177,137,20,1
177,140,20,0
177,142,10,1
177,143,20,1
177,144,20,0
177,145,3,1
177,146,20,0
177,147,20,0
177,148,20,0
177,152,20,0
177,157,20,0
177,161,20,0
177,164,3,0
177,166,20,0
177,167,20,0
177,170,20,0
177,174,5,0
177,176,20,0
177,181,20,0
177,182,20,0
177,194,20,0
177,35,12,0
177,159,6,0
177,190,12,0
178,21,12,0
178,29,12,1
178,31,20,0
178,51,4,1
178,67,20,1
178,87,6,1
178,91,12,1
178,114,12,1
178,118,6,0
178,121,4,1
178,144,4,1
178,165,12,1
178,173,10,1
178,176,7,1
178,181,20,1
178,189,5,1
178,34,12,1
178,167,12,0
179,5,6,0
179,29,10,0
179,32,20,0
179,67,20,0
179,68,20,0
179,73,1,1
179,77,20,0
179,80,20,0
179,98,20,0
179,164,20,0
179,174,20,0
179,192,20,0
179,8,12,0
179,11,6,1
179,31,6,1
179,166,12,1
179,198,6,1
180,166,20,0
180,190,12,0
180,196,20,0
180,83,10,1
181,2,20,0
181,5,10,0
181,6,20,1
181,12,10,0
181,13,20,0
181,14,20,1
181,17,20,1
181,23,20,0
181,28,20,0
181,30,20,1
181,32,20,0
181,37,20,1
181,38,20,1
181,66,20,1
181,68,20,0
181,77,20,0
181,91,12,1
181,97,20,0
181,98,20,0
181,101,20,0
181,102,20,0
181,118,6,0
181,121,20,1
181,126,20,0
181,130,20,0
181,137,20,0
181,144,12,1
181,146,20,0
181,155,12,0
181,156,20,1
181,164,20,0
181,165,10,1
181,166,20,0
181,168,20,1
181,171,20,1
181,174,20,1
181,177,20,0
181,178,20,1
181,182,20,1
181,186,20,1
181,187,12,1
181,193,20,1
181,196,20,0
181,3,12,0
182,3,20,0
182,4,20,1
182,5,2,0
182,6,12,1
182,14,6,1
182,15,12,1
182,19,20,0
182,21,20,0
182,22,5,1
182,23,10,0
182,24,20,0
182,26,20,0
182,28,10,0
182,29,20,1
182,32,20,0
182,34,5,1
182,36,20,0
182,37,10,1
182,46,6,1
182,48,20,0
182,51,20,1
182,54,12,1
182,68,10,0
182,70,20,0
182,77,20,0
182,78,20,1
182,90,6,1
182,91,5,1
182,93,20,0
182,96,12,1
182,98,20,0
182,106,20,0
182,110,20,1
182,113,20,1
182,117,20,1
182,119,20,1
182,121,20,1
182,123,20,0
182,125,20,0
182,126,10,0
182,127,20,0
182,136,20,0
182,142,20,0
182,144,12,1
182,146,20,0
182,163,20,0
182,164,10,0
182,165,2,1
182,166,20,0
182,168,6,1
182,171,5,1
182,173,10,1
182,174,7,1
182,175,20,0
182,177,20,0
182,181,20,1
182,185,20,0
182,186,20,1
182,187,7,1
182,189,7,1
182,191,20,1
182,192,20,1
182,198,20,0
182,73,10,0
183,5,20,0
183,27,20,1
183,156,20,1
183,165,20,1
183,168,20,1
183,170,5,0
183,29,3,1
184,2,20,0
184,6,20,0
184,9,20,0
184,12,10,0
184,17,20,0
184,59,20,0
184,118,6,1
184,174,20,0
184,188,20,0
184,192,20,0
184,193,20,0
184,196,20,0
184,83,10,0
184,87,10,0
185,5,6,0
185,11,20,0
185,16,2,0
185,20,6,1
185,22,20,0
185,32,20,1
185,34,20,0
185,36,10,1
185,46,20,0
185,68,20,1
185,77,20,1
185,90,20,0
185,91,20,0
185,97,20,0
185,98,20,1
185,100,20,1
185,115,20,0
185,118,20,0
185,128,20,1
185,143,6,0
185,164,5,1
185,172,20,0
185,174,10,0
185,182,20,0
185,190,12,0
185,134,3,0
185,26,10,0
185,112,10,0
186,5,4,0
186,16,10,0
186,22,10,1
186,32,20,0
186,34,20,1
186,46,10,1
186,68,6,0
186,77,6,0
186,90,20,1
186,91,20,1
186,98,20,0
186,109,20,0
186,118,6,0
186,119,10,1
186,132,20,0
186,138,12,0
186,139,12,1
186,148,10,1
186,159,10,0
186,164,10,0
186,172,20,0
186,174,20,1
186,176,20,1
186,181,20,1
186,182,20,1
186,195,20,1
186,198,20,0
186,105,12,0
187,1,12,0
187,2,20,0
187,4,12,1
187,5,5,0
187,6,3,1
187,8,12,1
187,9,3,1
187,10,6,0
187,14,7,1
187,15,2,1
187,17,3,1
187,18,20,0
187,22,7,1
187,23,20,0
187,27,12,1
187,28,20,0
187,29,12,1
187,30,12,1
187,32,20,0
187,37,7,1
187,43,7,1
187,54,5,1
187,55,12,1
187,57,12,1
187,59,12,1
187,61,12,1
187,62,12,1
187,63,12,1
187,66,12,1
187,68,20,0
187,69,12,1
187,74,12,1
187,77,7,0
187,78,12,1
187,79,12,0
187,80,12,1
187,81,12,1
187,87,7,1
187,91,12,1
187,96,3,1
187,98,20,0
187,108,20,1
187,116,12,1
187,120,12,1
187,126,20,0
187,144,2,1
187,148,12,1
187,156,12,1
187,157,12,1
187,158,12,1
187,162,12,1
187,164,5,0
187,165,7,1
187,168,20,1
187,169,12,1
187,170,12,0
187,171,20,1
187,173,12,1
187,174,3,1
187,176,12,1
187,181,12,1
187,182,7,1
187,188,20,1
187,189,6,1
187,191,12,1
187,193,7,1
187,195,12,1
187,196,20,0
187,198,12,0
187,194,12,1
187,19,10,0
188,5,20,0
188,9,20,1
188,11,20,0
188,25,20,0
188,47,20,0
188,59,20,1
188,79,20,0
188,83,20,0
188,119,20,1
188,164,20,0
188,170,20,0
188,174,5,1
188,184,20,0
188,187,20,1
188,190,20,1
188,193,10,1
189,1,12,0
189,4,12,1
189,5,5,0
189,6,6,1
189,8,12,1
189,9,12,1
189,14,12,1
189,15,6,1
189,17,7,1
189,18,20,0
189,21,12,0
189,22,7,1
189,27,6,1
189,29,6,1
189,30,3,1
189,32,20,0
189,34,5,1
189,37,12,1
189,43,12,1
189,46,20,1
189,51,12,1
189,54,12,1
189,55,12,1
189,57,12,1
189,59,12,1
189,61,12,1
189,62,12,1
189,63,12,1
189,66,12,1
189,68,20,0
189,69,12,1
189,74,12,1
189,77,7,0
189,78,12,1
189,79,12,0
189,80,12,1
189,81,12,1
189,86,12,0
189,87,7,1
189,90,20,1
189,91,4,1
189,96,6,1
189,98,20,0
189,108,20,1
189,114,12,1
189,116,12,1
189,120,12,1
189,129,20,0
189,144,1,1
189,156,6,1
189,157,12,1
189,158,12,1
189,162,12,1
189,164,7,0
189,165,12,1
189,166,12,0
189,169,6,1
189,173,3,1
189,174,2,1
189,176,4,1
189,178,5,1
189,182,7,1
189,187,6,1
189,191,12,1
189,192,12,1
189,195,12,1
189,198,12,0
189,28,12,0
189,194,12,1
189,163,10,0
189,193,10,1
190,5,20,0
190,24,7,0
190,79,20,0
190,87,20,1
190,116,12,1
190,145,12,0
190,158,12,1
190,164,12,0
190,169,5,1
190,173,12,1
190,174,5,1
190,180,12,0
190,185,12,0
190,188,20,1
190,159,12,0
190,177,12,0
191,5,10,0
191,6,12,1
191,15,12,1
191,22,20,1
191,32,20,0
191,34,20,1
191,46,20,1
191,54,12,1
191,68,20,0
191,77,20,0
191,80,20,1
191,90,20,1
191,91,20,1
191,96,12,1
191,98,20,0
191,133,10,1
191,144,12,1
191,164,20,0
191,174,12,1
191,182,20,1
191,187,12,1
191,189,12,1
191,137,6,0
191,107,10,0
192,2,20,0
192,5,3,0
192,16,20,0
192,17,20,1
192,21,12,0
192,22,5,1
192,29,12,1
192,32,20,0
192,34,20,1
192,35,20,0
192,37,5,1
192,41,20,0
192,42,20,0
192,46,20,1
192,49,20,0
192,51,7,1
192,62,20,1
192,68,20,0
192,76,20,0
192,77,20,0
192,90,20,1
192,91,4,1
192,97,20,0
192,98,20,0
192,114,12,1
192,127,12,0
192,136,20,0
192,142,20,0
192,144,5,1
192,146,20,0
192,152,7,0
192,164,10,0
192,166,20,0
192,173,20,1
192,174,7,1
192,175,20,0
192,176,7,1
192,179,20,0
192,182,20,1
192,184,20,0
192,189,12,1
192,196,7,0
192,198,20,0
192,9,12,1
192,14,10,1
193,2,20,0
193,3,10,0
193,5,10,0
193,9,20,1
193,11,20,0
193,17,20,1
193,25,7,0
193,32,20,0
193,47,20,0
193,58,20,1
193,59,20,1
193,68,20,0
193,77,20,0
193,79,20,0
193,83,20,0
193,87,20,1
193,98,20,0
193,110,20,1
193,119,20,1
193,164,20,0
193,169,7,1
193,170,20,0
193,174,5,1
193,181,20,1
193,184,20,0
193,187,7,1
193,188,10,1
193,51,12,1
193,130,12,0
193,156,12,1
193,195,12,1
193,189,10,1
194,65,20,0
194,80,20,1
194,175,20,0
194,177,20,0
194,28,12,0
194,189,12,1
194,120,12,1
194,187,12,1
195,2,20,0
195,3,20,0
195,5,20,0
195,6,12,1
195,10,6,0
195,15,12,1
195,17,20,1
195,19,20,0
195,20,20,0
195,21,6,0
195,24,20,0
195,25,20,0
195,32,20,0
195,42,20,0
195,44,20,0
195,45,12,0
195,54,12,1
195,59,20,1
195,68,6,0
195,74,20,1
195,77,10,0
195,79,20,0
195,91,20,1
195,92,7,0
195,94,20,0
195,96,7,1
195,98,20,0
195,100,20,0
195,115,20,0
195,120,20,1
195,125,20,0
195,127,20,0
195,134,20,0
195,137,20,0
195,139,20,1
195,142,20,0
195,144,12,1
195,148,20,1
195,156,7,1
195,162,6,1
195,164,6,0
195,165,20,1
195,167,20,0
195,173,20,1
195,174,7,1
195,176,20,1
195,186,20,1
195,187,12,1
195,189,12,1
195,193,12,1
196,0,20,0
196,2,10,0
196,4,20,0
196,5,5,0
196,6,20,0
196,10,20,0
196,11,20,0
196,12,20,0
196,13,20,0
196,14,20,0
196,17,20,0
196,21,20,0
196,23,20,0
196,24,20,1
196,26,20,0
196,32,7,1
196,38,20,0
196,39,20,0
196,58,20,0
196,65,20,1
196,67,20,0
196,68,7,1
196,70,20,0
196,73,20,0
196,77,7,1
196,98,7,1
196,101,20,1
196,106,20,0
196,108,20,0
196,127,20,1
196,131,20,0
196,136,20,1
196,137,20,0
196,146,20,0
196,163,20,0
196,164,7,1
196,165,10,0
196,168,20,0
196,169,20,0
196,170,20,0
196,172,20,0
196,173,10,0
196,174,10,0
196,180,20,0
196,181,20,0
196,184,20,0
196,187,20,0
196,192,7,0
196,198,10,0
196,91,12,0
197,5,20,0
197,22,20,0
197,32,20,1
197,68,20,1
197,77,20,1
197,98,20,1
197,119,20,0
197,164,20,1
197,174,20,0
198,5,2,0
198,6,12,0
198,7,20,0
198,15,12,0
198,18,12,0
198,21,20,0
198,22,20,0
198,32,20,0
198,34,20,0
198,46,20,0
198,48,12,0
198,54,12,0
198,68,20,0
198,77,20,0
198,90,20,0
198,91,20,0
198,96,12,0
198,98,20,0
198,114,20,0
198,144,12,0
198,164,20,0
198,166,3,1
198,174,7,0
198,176,20,0
198,182,20,0
198,186,20,0
198,187,12,0
198,189,12,0
198,192,20,0
198,196,10,0
198,8,12,0
198,11,6,1
198,31,2,1
198,73,12,1
198,179,6,1
198,3,10,0
